period,group,flow,subattribute,value_mt
2015-01,SB,Import,SB,18573
2015-01,SB,Export,SB,6880454
2015-01,BO,Import,SBO,13933
2015-01,BO,Export,BO Exports,47044
2015-01,SBM,Import,SBM,56467
2015-01,SBM,Export,SBM,1292329
2015-02,SB,Import,SB,33110
2015-02,SB,Export,SB,4853911
2015-02,BO,Import,SBO,13454
2015-02,BO,Export,BO Exports,41561
2015-02,SBM,Import,SBM,51998
2015-02,SBM,Export,SBM,1105250
2015-03,SB,Import,SB,70876
2015-03,SB,Export,SB,3100848
2015-03,BO,Import,SBO,15949
2015-03,BO,Export,BO Exports,58599
2015-03,SBM,Import,SBM,44514
2015-03,SBM,Export,SBM,1303683
2015-04,SB,Import,SB,38276
2015-04,SB,Export,SB,2615663
2015-04,BO,Import,SBO,17137
2015-04,BO,Export,BO Exports,36351
2015-04,SBM,Import,SBM,38713
2015-04,SBM,Export,SBM,1151181
2015-05,SB,Import,SB,63369
2015-05,SB,Export,SB,1607466
2015-05,BO,Import,SBO,25415
2015-05,BO,Export,BO Exports,32915
2015-05,SBM,Import,SBM,63033
2015-05,SBM,Export,SBM,1039060
2015-06,SB,Import,SB,72995
2015-06,SB,Export,SB,1495982
2015-06,BO,Import,SBO,21611
2015-06,BO,Export,BO Exports,34575
2015-06,SBM,Import,SBM,51217
2015-06,SBM,Export,SBM,1128724
2015-07,SB,Import,SB,78110
2015-07,SB,Export,SB,1694464
2015-07,BO,Import,SBO,19100
2015-07,BO,Export,BO Exports,38169
2015-07,SBM,Import,SBM,50327
2015-07,SBM,Export,SBM,970708
2015-08,SB,Import,SB,58645
2015-08,SB,Export,SB,2215366
2015-08,BO,Import,SBO,12552
2015-08,BO,Export,BO Exports,22221
2015-08,SBM,Import,SBM,49628
2015-08,SBM,Export,SBM,939090
2015-09,SB,Import,SB,66628
2015-09,SB,Export,SB,2349570
2015-09,BO,Import,SBO,10332
2015-09,BO,Export,BO Exports,20151
2015-09,SBM,Import,SBM,56025
2015-09,SBM,Export,SBM,966010
2015-10,SB,Import,SB,60256
2015-10,SB,Export,SB,10018270
2015-10,BO,Import,SBO,19647
2015-10,BO,Export,BO Exports,81480
2015-10,SBM,Import,SBM,31884
2015-10,SBM,Export,SBM,808961
2015-11,SB,Import,SB,50152
2015-11,SB,Export,SB,9169269
2015-11,BO,Import,SBO,8098
2015-11,BO,Export,BO Exports,105689
2015-11,SBM,Import,SBM,27657
2015-11,SBM,Export,SBM,1073638
2015-12,SB,Import,SB,58366
2015-12,SB,Export,SB,6798286
2015-12,BO,Import,SBO,10142
2015-12,BO,Export,BO Exports,145488
2015-12,SBM,Import,SBM,30660
2015-12,SBM,Export,SBM,969788
2016-01,SB,Import,SB,77827
2016-01,SB,Export,SB,6085673
2016-01,BO,Import,SBO,7661
2016-01,BO,Export,BO Exports,75721
2016-01,SBM,Import,SBM,30291
2016-01,SBM,Export,SBM,998240
2016-02,SB,Import,SB,33810
2016-02,SB,Export,SB,5684936
2016-02,BO,Import,SBO,12620
2016-02,BO,Export,BO Exports,52021
2016-02,SBM,Import,SBM,29910
2016-02,SBM,Export,SBM,1095597
2016-03,SB,Import,SB,67921
2016-03,SB,Export,SB,2641983
2016-03,BO,Import,SBO,8049
2016-03,BO,Export,BO Exports,105743
2016-03,SBM,Import,SBM,33590
2016-03,SBM,Export,SBM,912605
2016-04,SB,Import,SB,49764
2016-04,SB,Export,SB,1360362
2016-04,BO,Import,SBO,13030
2016-04,BO,Export,BO Exports,57051
2016-04,SBM,Import,SBM,42583
2016-04,SBM,Export,SBM,963318
2016-05,SB,Import,SB,22581
2016-05,SB,Export,SB,887623
2016-05,BO,Import,SBO,15028
2016-05,BO,Export,BO Exports,47091
2016-05,SBM,Import,SBM,27277
2016-05,SBM,Export,SBM,952406
2016-06,SB,Import,SB,65032
2016-06,SB,Export,SB,1052451
2016-06,BO,Import,SBO,7399
2016-06,BO,Export,BO Exports,71906
2016-06,SBM,Import,SBM,23188
2016-06,SBM,Export,SBM,689427
2016-07,SB,Import,SB,39015
2016-07,SB,Export,SB,2660098
2016-07,BO,Import,SBO,7666
2016-07,BO,Export,BO Exports,126559
2016-07,SBM,Import,SBM,23641
2016-07,SBM,Export,SBM,887724
2016-08,SB,Import,SB,49327
2016-08,SB,Export,SB,4160565
2016-08,BO,Import,SBO,11430
2016-08,BO,Export,BO Exports,45074
2016-08,SBM,Import,SBM,28232
2016-08,SBM,Export,SBM,685449
2016-09,SB,Import,SB,62821
2016-09,SB,Export,SB,3749711
2016-09,BO,Import,SBO,9208
2016-09,BO,Export,BO Exports,103377
2016-09,SBM,Import,SBM,29027
2016-09,SBM,Export,SBM,805977
2016-10,SB,Import,SB,48256
2016-10,SB,Export,SB,11169667
2016-10,BO,Import,SBO,6546
2016-10,BO,Export,BO Exports,109308
2016-10,SBM,Import,SBM,23779
2016-10,SBM,Export,SBM,845993
2016-11,SB,Import,SB,37622
2016-11,SB,Export,SB,10363783
2016-11,BO,Import,SBO,17428
2016-11,BO,Export,BO Exports,107366
2016-11,SBM,Import,SBM,25350
2016-11,SBM,Export,SBM,918537
2016-12,SB,Import,SB,31876
2016-12,SB,Export,SB,7980114
2016-12,BO,Import,SBO,21507
2016-12,BO,Export,BO Exports,106781
2016-12,SBM,Import,SBM,23329
2016-12,SBM,Export,SBM,852403
2017-01,SB,Import,SB,87443
2017-01,SB,Export,SB,7015814
2017-01,BO,Import,SBO,10283
2017-01,BO,Export,BO Exports,117641
2017-01,SBM,Import,SBM,32862
2017-01,SBM,Export,SBM,1186205
2017-02,SB,Import,SB,61465
2017-02,SB,Export,SB,4459523
2017-02,BO,Import,SBO,9491
2017-02,BO,Export,BO Exports,108293
2017-02,SBM,Import,SBM,32292
2017-02,SBM,Export,SBM,956644
2017-03,SB,Import,SB,60432
2017-03,SB,Export,SB,3219565
2017-03,BO,Import,SBO,12238
2017-03,BO,Export,BO Exports,134019
2017-03,SBM,Import,SBM,23428
2017-03,SBM,Export,SBM,1309098
2017-04,SB,Import,SB,43650
2017-04,SB,Export,SB,2458714
2017-04,BO,Import,SBO,14632
2017-04,BO,Export,BO Exports,116757
2017-04,SBM,Import,SBM,26062
2017-04,SBM,Export,SBM,825461
2017-05,SB,Import,SB,57833
2017-05,SB,Export,SB,1450929
2017-05,BO,Import,SBO,14286
2017-05,BO,Export,BO Exports,73175
2017-05,SBM,Import,SBM,31431
2017-05,SBM,Export,SBM,724172
2017-06,SB,Import,SB,28677
2017-06,SB,Export,SB,1786258
2017-06,BO,Import,SBO,11020
2017-06,BO,Export,BO Exports,62590
2017-06,SBM,Import,SBM,27632
2017-06,SBM,Export,SBM,772074
2017-07,SB,Import,SB,46765
2017-07,SB,Export,SB,2319564
2017-07,BO,Import,SBO,10186
2017-07,BO,Export,BO Exports,90195
2017-07,SBM,Import,SBM,16045
2017-07,SBM,Export,SBM,701186
2017-08,SB,Import,SB,39542
2017-08,SB,Export,SB,2990220
2017-08,BO,Import,SBO,8783
2017-08,BO,Export,BO Exports,74031
2017-08,SBM,Import,SBM,27196
2017-08,SBM,Export,SBM,792017
2017-09,SB,Import,SB,36787
2017-09,SB,Export,SB,4504976
2017-09,BO,Import,SBO,8165
2017-09,BO,Export,BO Exports,59073
2017-09,SBM,Import,SBM,23695
2017-09,SBM,Export,SBM,621252
2017-10,SB,Import,SB,77339
2017-10,SB,Export,SB,9643988
2017-10,BO,Import,SBO,14598
2017-10,BO,Export,BO Exports,96452
2017-10,SBM,Import,SBM,26770
2017-10,SBM,Export,SBM,709810
2017-11,SB,Import,SB,38821
2017-11,SB,Export,SB,9188044
2017-11,BO,Import,SBO,9991
2017-11,BO,Export,BO Exports,59940
2017-11,SBM,Import,SBM,28683
2017-11,SBM,Export,SBM,1008932
2017-12,SB,Import,SB,63357
2017-12,SB,Export,SB,6224906
2017-12,BO,Import,SBO,14151
2017-12,BO,Export,BO Exports,78434
2017-12,SBM,Import,SBM,29107
2017-12,SBM,Export,SBM,1071559
2018-01,SB,Import,SB,39819
2018-01,SB,Export,SB,5807283
2018-01,BO,Import,SBO,10034
2018-01,BO,Export,BO Exports,81974
2018-01,SBM,Import,SBM,43039
2018-01,SBM,Export,SBM,1068513
2018-02,SB,Import,SB,32010
2018-02,SB,Export,SB,4237627
2018-02,BO,Import,SBO,18605
2018-02,BO,Export,BO Exports,81397
2018-02,SBM,Import,SBM,43656
2018-02,SBM,Export,SBM,1125576
2018-03,SB,Import,SB,58243
2018-03,SB,Export,SB,3221545
2018-03,BO,Import,SBO,9591
2018-03,BO,Export,BO Exports,92183
2018-03,SBM,Import,SBM,49490
2018-03,SBM,Export,SBM,1207370
2018-04,SB,Import,SB,65812
2018-04,SB,Export,SB,2194445
2018-04,BO,Import,SBO,13013
2018-04,BO,Export,BO Exports,96307
2018-04,SBM,Import,SBM,34376
2018-04,SBM,Export,SBM,1104773
2018-05,SB,Import,SB,50392
2018-05,SB,Export,SB,3110494
2018-05,BO,Import,SBO,15466
2018-05,BO,Export,BO Exports,195690
2018-05,SBM,Import,SBM,36800
2018-05,SBM,Export,SBM,1160622
2018-06,SB,Import,SB,51709
2018-06,SB,Export,SB,3123089
2018-06,BO,Import,SBO,14409
2018-06,BO,Export,BO Exports,103457
2018-06,SBM,Import,SBM,37636
2018-06,SBM,Export,SBM,1253950
2018-07,SB,Import,SB,58851
2018-07,SB,Export,SB,3425296
2018-07,BO,Import,SBO,14840
2018-07,BO,Export,BO Exports,79244
2018-07,SBM,Import,SBM,36248
2018-07,SBM,Export,SBM,971151
2018-08,SB,Import,SB,20444
2018-08,SB,Export,SB,3388949
2018-08,BO,Import,SBO,10763
2018-08,BO,Export,BO Exports,88213
2018-08,SBM,Import,SBM,41417
2018-08,SBM,Export,SBM,1090771
2018-09,SB,Import,SB,28030
2018-09,SB,Export,SB,3335423
2018-09,BO,Import,SBO,6629
2018-09,BO,Export,BO Exports,54852
2018-09,SBM,Import,SBM,30760
2018-09,SBM,Export,SBM,944336
2018-10,SB,Import,SB,21120
2018-10,SB,Export,SB,5457538
2018-10,BO,Import,SBO,15817
2018-10,BO,Export,BO Exports,66317
2018-10,SBM,Import,SBM,48361
2018-10,SBM,Export,SBM,998437
2018-11,SB,Import,SB,49969
2018-11,SB,Export,SB,4878699
2018-11,BO,Import,SBO,15642
2018-11,BO,Export,BO Exports,97533
2018-11,SBM,Import,SBM,34783
2018-11,SBM,Export,SBM,1044979
2018-12,SB,Import,SB,30931
2018-12,SB,Export,SB,4002476
2018-12,BO,Import,SBO,20172
2018-12,BO,Export,BO Exports,71545
2018-12,SBM,Import,SBM,53972
2018-12,SBM,Export,SBM,1038892
2019-01,SB,Import,SB,27668
2019-01,SB,Export,SB,4807848
2019-01,BO,Import,SBO,13970
2019-01,BO,Export,BO Exports,100211
2019-01,SBM,Import,SBM,57216
2019-01,SBM,Export,SBM,1421131
2019-02,SB,Import,SB,39781
2019-02,SB,Export,SB,4522880
2019-02,BO,Import,SBO,13301
2019-02,BO,Export,BO Exports,41542
2019-02,SBM,Import,SBM,53537
2019-02,SBM,Export,SBM,984626
2019-03,SB,Import,SB,40409
2019-03,SB,Export,SB,3839086
2019-03,BO,Import,SBO,13790
2019-03,BO,Export,BO Exports,123236
2019-03,SBM,Import,SBM,66691
2019-03,SBM,Export,SBM,1062782
2019-04,SB,Import,SB,42518
2019-04,SB,Export,SB,2482291
2019-04,BO,Import,SBO,13166
2019-04,BO,Export,BO Exports,67247
2019-04,SBM,Import,SBM,67597
2019-04,SBM,Export,SBM,1254395
2019-05,SB,Import,SB,17392
2019-05,SB,Export,SB,2477179
2019-05,BO,Import,SBO,15622
2019-05,BO,Export,BO Exports,93251
2019-05,SBM,Import,SBM,62481
2019-05,SBM,Export,SBM,967807
2019-06,SB,Import,SB,20295
2019-06,SB,Export,SB,3271612
2019-06,BO,Import,SBO,15784
2019-06,BO,Export,BO Exports,43292
2019-06,SBM,Import,SBM,38914
2019-06,SBM,Export,SBM,742113
2019-07,SB,Import,SB,35739
2019-07,SB,Export,SB,3701904
2019-07,BO,Import,SBO,16537
2019-07,BO,Export,BO Exports,78980
2019-07,SBM,Import,SBM,49439
2019-07,SBM,Export,SBM,820389
2019-08,SB,Import,SB,28725
2019-08,SB,Export,SB,4943611
2019-08,BO,Import,SBO,14981
2019-08,BO,Export,BO Exports,75137
2019-08,SBM,Import,SBM,51299
2019-08,SBM,Export,SBM,941577
2019-09,SB,Import,SB,31911
2019-09,SB,Export,SB,3912145
2019-09,BO,Import,SBO,11412
2019-09,BO,Export,BO Exports,21872
2019-09,SBM,Import,SBM,35556
2019-09,SBM,Export,SBM,863499
2019-10,SB,Import,SB,53276
2019-10,SB,Export,SB,5894089
2019-10,BO,Import,SBO,13810
2019-10,BO,Export,BO Exports,114615
2019-10,SBM,Import,SBM,43274
2019-10,SBM,Export,SBM,1025421
2019-11,SB,Import,SB,12453
2019-11,SB,Export,SB,6834264
2019-11,BO,Import,SBO,11095
2019-11,BO,Export,BO Exports,116907
2019-11,SBM,Import,SBM,33005
2019-11,SBM,Export,SBM,1123152
2019-12,SB,Import,SB,37815
2019-12,SB,Export,SB,5669989
2019-12,BO,Import,SBO,16032
2019-12,BO,Export,BO Exports,83851
2019-12,SBM,Import,SBM,47625
2019-12,SBM,Export,SBM,985039
2020-01,SB,Import,SB,31076
2020-01,SB,Export,SB,5182367
2020-01,BO,Import,SBO,14787
2020-01,BO,Export,BO Exports,56834
2020-01,SBM,Import,SBM,55344
2020-01,SBM,Export,SBM,975822
2020-02,SB,Import,SB,41346
2020-02,SB,Export,SB,2930691
2020-02,BO,Import,SBO,12725
2020-02,BO,Export,BO Exports,179476
2020-02,SBM,Import,SBM,45647
2020-02,SBM,Export,SBM,1218065
2020-03,SB,Import,SB,42451
2020-03,SB,Export,SB,2475268
2020-03,BO,Import,SBO,10771
2020-03,BO,Export,BO Exports,145550
2020-03,SBM,Import,SBM,57552
2020-03,SBM,Export,SBM,1239987
2020-04,SB,Import,SB,25463
2020-04,SB,Export,SB,2222224
2020-04,BO,Import,SBO,11099
2020-04,BO,Export,BO Exports,104415
2020-04,SBM,Import,SBM,48315
2020-04,SBM,Export,SBM,1098868
2020-05,SB,Import,SB,30881
2020-05,SB,Export,SB,1929457
2020-05,BO,Import,SBO,11013
2020-05,BO,Export,BO Exports,162306
2020-05,SBM,Import,SBM,41067
2020-05,SBM,Export,SBM,982793
2020-06,SB,Import,SB,44942
2020-06,SB,Export,SB,1779979
2020-06,BO,Import,SBO,11446
2020-06,BO,Export,BO Exports,76054
2020-06,SBM,Import,SBM,36336
2020-06,SBM,Export,SBM,992308
2020-07,SB,Import,SB,47974
2020-07,SB,Export,SB,2305120
2020-07,BO,Import,SBO,12544
2020-07,BO,Export,BO Exports,74676
2020-07,SBM,Import,SBM,52357
2020-07,SBM,Export,SBM,999477
2020-08,SB,Import,SB,19002
2020-08,SB,Export,SB,4664763
2020-08,BO,Import,SBO,10344
2020-08,BO,Export,BO Exports,90889
2020-08,SBM,Import,SBM,54910
2020-08,SBM,Export,SBM,1013498
2020-09,SB,Import,SB,44528
2020-09,SB,Export,SB,7192128
2020-09,BO,Import,SBO,9451
2020-09,BO,Export,BO Exports,81129
2020-09,SBM,Import,SBM,64517
2020-09,SBM,Export,SBM,894755
2020-10,SB,Import,SB,24879
2020-10,SB,Export,SB,11588995
2020-10,BO,Import,SBO,9280
2020-10,BO,Export,BO Exports,84044
2020-10,SBM,Import,SBM,63195
2020-10,SBM,Export,SBM,1005090
2020-11,SB,Import,SB,12428
2020-11,SB,Export,SB,10861958
2020-11,BO,Import,SBO,9584
2020-11,BO,Export,BO Exports,80211
2020-11,SBM,Import,SBM,61180
2020-11,SBM,Export,SBM,1158650
2020-12,SB,Import,SB,23427
2020-12,SB,Export,SB,10517316
2020-12,BO,Import,SBO,11454
2020-12,BO,Export,BO Exports,106438
2020-12,SBM,Import,SBM,58498
2020-12,SBM,Export,SBM,1314744
2021-01,SB,Import,SB,20026
2021-01,SB,Export,SB,9030505
2021-01,BO,Import,SBO,8612
2021-01,BO,Export,BO Exports,148691
2021-01,SBM,Import,SBM,56743
2021-01,SBM,Export,SBM,999024
2021-02,SB,Import,SB,22697
2021-02,SB,Export,SB,4481244
2021-02,BO,Import,SBO,9708
2021-02,BO,Export,BO Exports,115711
2021-02,SBM,Import,SBM,55724
2021-02,SBM,Export,SBM,1197483
2021-03,SB,Import,SB,26889
2021-03,SB,Export,SB,2263589
2021-03,BO,Import,SBO,9751
2021-03,BO,Export,BO Exports,70990
2021-03,SBM,Import,SBM,61244
2021-03,SBM,Export,SBM,1010407
2021-04,SB,Import,SB,41841
2021-04,SB,Export,SB,1357192
2021-04,BO,Import,SBO,9306
2021-04,BO,Export,BO Exports,58778
2021-04,SBM,Import,SBM,56754
2021-04,SBM,Export,SBM,1046729
2021-05,SB,Import,SB,64062
2021-05,SB,Export,SB,1338409
2021-05,BO,Import,SBO,7432
2021-05,BO,Export,BO Exports,32265
2021-05,SBM,Import,SBM,54773
2021-05,SBM,Export,SBM,764122
2021-06,SB,Import,SB,207343
2021-06,SB,Export,SB,924729
2021-06,BO,Import,SBO,11857
2021-06,BO,Export,BO Exports,41554
2021-06,SBM,Import,SBM,49208
2021-06,SBM,Export,SBM,680184
2021-07,SB,Import,SB,60635
2021-07,SB,Export,SB,947774
2021-07,BO,Import,SBO,14781
2021-07,BO,Export,BO Exports,13697
2021-07,SBM,Import,SBM,58977
2021-07,SBM,Export,SBM,1000049
2021-08,SB,Import,SB,16901
2021-08,SB,Export,SB,1160092
2021-08,BO,Import,SBO,19314
2021-08,BO,Export,BO Exports,18211
2021-08,SBM,Import,SBM,38342
2021-08,SBM,Export,SBM,893514
2021-09,SB,Import,SB,26478
2021-09,SB,Export,SB,2099066
2021-09,BO,Import,SBO,15896
2021-09,BO,Export,BO Exports,15350
2021-09,SBM,Import,SBM,33903
2021-09,SBM,Export,SBM,502316
2021-10,SB,Import,SB,19315
2021-10,SB,Export,SB,10694812
2021-10,BO,Import,SBO,16292
2021-10,BO,Export,BO Exports,25860
2021-10,SBM,Import,SBM,48067
2021-10,SBM,Export,SBM,912916
2021-11,SB,Import,SB,34910
2021-11,SB,Export,SB,10679457
2021-11,BO,Import,SBO,15499
2021-11,BO,Export,BO Exports,103999
2021-11,SBM,Import,SBM,29738
2021-11,SBM,Export,SBM,938200
2021-12,SB,Import,SB,28149
2021-12,SB,Export,SB,7936613
2021-12,BO,Import,SBO,14335
2021-12,BO,Export,BO Exports,74910
2021-12,SBM,Import,SBM,29321
2021-12,SBM,Export,SBM,1291400
2022-01,SB,Import,SB,23985
2022-01,SB,Export,SB,6529271
2022-01,BO,Import,SBO,7351
2022-01,BO,Export,BO Exports,128922
2022-01,SBM,Import,SBM,40246
2022-01,SBM,Export,SBM,1176523
2022-02,SB,Import,SB,47264
2022-02,SB,Export,SB,3809000
2022-02,BO,Import,SBO,9699
2022-02,BO,Export,BO Exports,106486
2022-02,SBM,Import,SBM,46708
2022-02,SBM,Export,SBM,994325
2022-03,SB,Import,SB,33647
2022-03,SB,Export,SB,3018428
2022-03,BO,Import,SBO,10065
2022-03,BO,Export,BO Exports,125286
2022-03,SBM,Import,SBM,36595
2022-03,SBM,Export,SBM,1121495
2022-04,SB,Import,SB,49197
2022-04,SB,Export,SB,3550990
2022-04,BO,Import,SBO,10662
2022-04,BO,Export,BO Exports,71486
2022-04,SBM,Import,SBM,43906
2022-04,SBM,Export,SBM,1070306
2022-05,SB,Import,SB,30538
2022-05,SB,Export,SB,2448876
2022-05,BO,Import,SBO,11292
2022-05,BO,Export,BO Exports,33513
2022-05,SBM,Import,SBM,77176
2022-05,SBM,Export,SBM,1016893
2022-06,SB,Import,SB,21132
2022-06,SB,Export,SB,2256761
2022-06,BO,Import,SBO,10964
2022-06,BO,Export,BO Exports,33085
2022-06,SBM,Import,SBM,61421
2022-06,SBM,Export,SBM,1054493
2022-07,SB,Import,SB,60182
2022-07,SB,Export,SB,2315582
2022-07,BO,Import,SBO,11380
2022-07,BO,Export,BO Exports,53592
2022-07,SBM,Import,SBM,67308
2022-07,SBM,Export,SBM,843380
2022-08,SB,Import,SB,60701
2022-08,SB,Export,SB,3231456
2022-08,BO,Import,SBO,9635
2022-08,BO,Export,BO Exports,25787
2022-08,SBM,Import,SBM,45441
2022-08,SBM,Export,SBM,813797
2022-09,SB,Import,SB,31758
2022-09,SB,Export,SB,2077837
2022-09,BO,Import,SBO,10329
2022-09,BO,Export,BO Exports,20380
2022-09,SBM,Import,SBM,51125
2022-09,SBM,Export,SBM,815704
2022-10,SB,Import,SB,33827
2022-10,SB,Export,SB,9946822
2022-10,BO,Import,SBO,13491
2022-10,BO,Export,BO Exports,10633
2022-10,SBM,Import,SBM,52510
2022-10,SBM,Export,SBM,865453
2022-11,SB,Import,SB,35059
2022-11,SB,Export,SB,9751848
2022-11,BO,Import,SBO,11829
2022-11,BO,Export,BO Exports,10635
2022-11,SBM,Import,SBM,53341
2022-11,SBM,Export,SBM,1079731
2022-12,SB,Import,SB,36011
2022-12,SB,Export,SB,7961486
2022-12,BO,Import,SBO,10252
2022-12,BO,Export,BO Exports,15785
2022-12,SBM,Import,SBM,32201
2022-12,SBM,Export,SBM,1075641
2023-01,SB,Import,SB,5893
2023-01,SB,Export,SB,8245816
2023-01,BO,Import,SBO,11450
2023-01,BO,Export,BO Exports,6991
2023-01,SBM,Import,SBM,76327
2023-01,SBM,Export,SBM,1382167
2023-02,SB,Import,SB,27762
2023-02,SB,Export,SB,5470552
2023-02,BO,Import,SBO,14704
2023-02,BO,Export,BO Exports,11770
2023-02,SBM,Import,SBM,51243
2023-02,SBM,Export,SBM,911125
2023-03,SB,Import,SB,34751
2023-03,SB,Export,SB,3094484
2023-03,BO,Import,SBO,15181
2023-03,BO,Export,BO Exports,5722
2023-03,SBM,Import,SBM,44530
2023-03,SBM,Export,SBM,1329940
2023-04,SB,Import,SB,8470
2023-04,SB,Export,SB,2512584
2023-04,BO,Import,SBO,15751
2023-04,BO,Export,BO Exports,27499
2023-04,SBM,Import,SBM,26562
2023-04,SBM,Export,SBM,1124156
2023-05,SB,Import,SB,127008
2023-05,SB,Export,SB,996768
2023-05,BO,Import,SBO,24575
2023-05,BO,Export,BO Exports,22633
2023-05,SBM,Import,SBM,50143
2023-05,SBM,Export,SBM,1060747
2023-06,SB,Import,SB,166685
2023-06,SB,Export,SB,823622
2023-06,BO,Import,SBO,7902
2023-06,BO,Export,BO Exports,18350
2023-06,SBM,Import,SBM,47208
2023-06,SBM,Export,SBM,1238605
2023-07,SB,Import,SB,114332
2023-07,SB,Export,SB,1276967
2023-07,BO,Import,SBO,12819
2023-07,BO,Export,BO Exports,16871
2023-07,SBM,Import,SBM,44971
2023-07,SBM,Export,SBM,1054708
2023-08,SB,Import,SB,45510
2023-08,SB,Export,SB,1704789
2023-08,BO,Import,SBO,21092
2023-08,BO,Export,BO Exports,11834
2023-08,SBM,Import,SBM,49389
2023-08,SBM,Export,SBM,1093653
2023-09,SB,Import,SB,37479
2023-09,SB,Export,SB,2498517
2023-09,BO,Import,SBO,11302
2023-09,BO,Export,BO Exports,12697
2023-09,SBM,Import,SBM,46928
2023-09,SBM,Export,SBM,980176
2023-10,SB,Import,SB,19292
2023-10,SB,Export,SB,9421880
2023-10,BO,Import,SBO,20588
2023-10,BO,Export,BO Exports,5879
2023-10,SBM,Import,SBM,43352
2023-10,SBM,Export,SBM,1106335
2023-11,SB,Import,SB,46710
2023-11,SB,Export,SB,7467116
2023-11,BO,Import,SBO,16757
2023-11,BO,Export,BO Exports,6213
2023-11,SBM,Import,SBM,48400
2023-11,SBM,Export,SBM,1370119
2023-12,SB,Import,SB,18637
2023-12,SB,Export,SB,4771690
2023-12,BO,Import,SBO,21906
2023-12,BO,Export,BO Exports,5812
2023-12,SBM,Import,SBM,53119
2023-12,SBM,Export,SBM,1481950
2024-01,SB,Import,SB,25842
2024-01,SB,Export,SB,5866275
2024-01,BO,Import,SBO,22997
2024-01,BO,Export,BO Exports,5219
2024-01,SBM,Import,SBM,52828
2024-01,SBM,Export,SBM,1318297
2024-02,SB,Import,SB,24303
2024-02,SB,Export,SB,5282181
2024-02,BO,Import,SBO,15960
2024-02,BO,Export,BO Exports,6427
2024-02,SBM,Import,SBM,58044
2024-02,SBM,Export,SBM,1410299
2024-03,SB,Import,SB,144231
2024-03,SB,Export,SB,3189631
2024-03,BO,Import,SBO,22602
2024-03,BO,Export,BO Exports,44789
2024-03,SBM,Import,SBM,52418
2024-03,SBM,Export,SBM,1459614
2024-04,SB,Import,SB,57162
2024-04,SB,Export,SB,1783416
2024-04,BO,Import,SBO,24997
2024-04,BO,Export,BO Exports,10067
2024-04,SBM,Import,SBM,45672
2024-04,SBM,Export,SBM,1259080
2024-05,SB,Import,SB,32561
2024-05,SB,Export,SB,1376753
2024-05,BO,Import,SBO,40377
2024-05,BO,Export,BO Exports,42600
2024-05,SBM,Import,SBM,61780
2024-05,SBM,Export,SBM,1039541
2024-06,SB,Import,SB,31168
2024-06,SB,Export,SB,1407564
2024-06,BO,Import,SBO,45967
2024-06,BO,Export,BO Exports,52289
2024-06,SBM,Import,SBM,45021
2024-06,SBM,Export,SBM,1093073
2024-07,SB,Import,SB,59815
2024-07,SB,Export,SB,1490842
2024-07,BO,Import,SBO,33102
2024-07,BO,Export,BO Exports,44045
2024-07,SBM,Import,SBM,38703
2024-07,SBM,Export,SBM,1014036
2024-08,SB,Import,SB,69723
2024-08,SB,Export,SB,1709852
2024-08,BO,Import,SBO,6930
2024-08,BO,Export,BO Exports,29043
2024-08,SBM,Import,SBM,54053
2024-08,SBM,Export,SBM,909820
2024-09,SB,Import,SB,83562
2024-09,SB,Export,SB,3114160
2024-09,BO,Import,SBO,9366
2024-09,BO,Export,BO Exports,27377
2024-09,SBM,Import,SBM,70022
2024-09,SBM,Export,SBM,1102151
2024-10,SB,Import,SB,20864
2024-10,SB,Export,SB,9418049
2024-10,BO,Import,SBO,13180
2024-10,BO,Export,BO Exports,13617
2024-10,SBM,Import,SBM,42997
2024-10,SBM,Export,SBM,1317756
2024-11,SB,Import,SB,41573
2024-11,SB,Export,SB,10085243
2024-11,BO,Import,SBO,30584
2024-11,BO,Export,BO Exports,58324
2024-11,SBM,Import,SBM,46652
2024-11,SBM,Export,SBM,1518283
2024-12,SB,Import,SB,52324
2024-12,SB,Export,SB,7482421
2024-12,BO,Import,SBO,12365
2024-12,BO,Export,BO Exports,126837
2024-12,SBM,Import,SBM,31881
2024-12,SBM,Export,SBM,1513236
2025-01,SB,Import,SB,61026
2025-01,SB,Export,SB,5211687
2025-01,BO,Import,SBO,13775
2025-01,BO,Export,BO Exports,212714
2025-01,SBM,Import,SBM,49275
2025-01,SBM,Export,SBM,1425123
2025-02,SB,Import,SB,66815
2025-02,SB,Export,SB,3117202
2025-02,BO,Import,SBO,11981
2025-02,BO,Export,BO Exports,136250
2025-02,SBM,Import,SBM,53629
2025-02,SBM,Export,SBM,1124725
2025-03,SB,Import,SB,47351
2025-03,SB,Export,SB,3498237
2025-03,BO,Import,SBO,12693
2025-03,BO,Export,BO Exports,155959
2025-03,SBM,Import,SBM,62064
2025-03,SBM,Export,SBM,1593353
2025-04,SB,Import,SB,79329
2025-04,SB,Export,SB,2179781
2025-04,BO,Import,SBO,12043
2025-04,BO,Export,BO Exports,159050
2025-04,SBM,Import,SBM,71057
2025-04,SBM,Export,SBM,1345665
2025-05,SB,Import,SB,69258
2025-05,SB,Export,SB,1595275
2025-05,BO,Import,SBO,14753
2025-05,BO,Export,BO Exports,142303
2025-05,SBM,Import,SBM,92777
2025-05,SBM,Export,SBM,1361075
2025-06,SB,Import,SB,49589
2025-06,SB,Export,SB,1500646
2025-06,BO,Import,SBO,12450
2025-06,BO,Export,BO Exports,42458
2025-06,SBM,Import,SBM,53984
2025-06,SBM,Export,SBM,1324210
2025-07,SB,Import,SB,121616
2025-07,SB,Export,SB,1750770
2025-07,BO,Import,SBO,12822
2025-07,BO,Export,BO Exports,28583
2025-07,SBM,Import,SBM,70242
2025-07,SBM,Export,SBM,1392255
2025-08,SB,Import,SB,95642
2025-08,SB,Export,SB,2273441
2025-08,BO,Import,SBO,7751
2025-08,BO,Export,BO Exports,36835
2025-08,SBM,Import,SBM,86230
2025-08,SBM,Export,SBM,1336153
2025-09,SB,Import,SB,53480
2025-09,SB,Export,SB,2512235
2025-09,BO,Import,SBO,9736
2025-09,BO,Export,BO Exports,17617
2025-09,SBM,Import,SBM,71310
2025-09,SBM,Export,SBM,1317811
2025-10,SB,Import,SB,25894
2025-10,SB,Export,SB,9403672
2025-10,BO,Import,SBO,14965
2025-10,BO,Export,BO Exports,11047
2025-10,SBM,Import,SBM,47212
2025-10,SBM,Export,SBM,1151340
2025-11,SB,Import,SB,43170
2025-11,SB,Export,SB,8919374
2025-11,BO,Import,SBO,18737
2025-11,BO,Export,BO Exports,27563
2025-11,SBM,Import,SBM,50454
2025-11,SBM,Export,SBM,1388847
2025-12,SB,Import,SB,37440
2025-12,SB,Export,SB,6603762
2025-12,BO,Import,SBO,14099
2025-12,BO,Export,BO Exports,54426
2025-12,SBM,Import,SBM,39848
2025-12,SBM,Export,SBM,1424789
2026-01,SB,Import,SB,19502
2026-01,SB,Export,SB,6742845
2026-01,BO,Import,SBO,13236
2026-01,BO,Export,BO Exports,51748
2026-01,SBM,Import,SBM,57596
2026-01,SBM,Export,SBM,1356945
2026-02,SB,Import,SB,34765
2026-02,SB,Export,SB,4756833
2026-02,BO,Import,SBO,12782
2026-02,BO,Export,BO Exports,45717
2026-02,SBM,Import,SBM,53038
2026-02,SBM,Export,SBM,1160512
2026-03,SB,Import,SB,74420
2026-03,SB,Export,SB,3038831
2026-03,BO,Import,SBO,15152
2026-03,BO,Export,BO Exports,64459
2026-03,SBM,Import,SBM,45405
2026-03,SBM,Export,SBM,1368867
2026-04,SB,Import,SB,40190
2026-04,SB,Export,SB,2563350
2026-04,BO,Import,SBO,16280
2026-04,BO,Export,BO Exports,39986
2026-04,SBM,Import,SBM,39488
2026-04,SBM,Export,SBM,1208740
2026-05,SB,Import,SB,66537
2026-05,SB,Export,SB,1575316
2026-05,BO,Import,SBO,24144
2026-05,BO,Export,BO Exports,36207
2026-05,SBM,Import,SBM,64294
2026-05,SBM,Export,SBM,1091013
2026-06,SB,Import,SB,76645
2026-06,SB,Export,SB,1466063
2026-06,BO,Import,SBO,20530
2026-06,BO,Export,BO Exports,38032
2026-06,SBM,Import,SBM,52241
2026-06,SBM,Export,SBM,1185160
2026-07,SB,Import,SB,82015
2026-07,SB,Export,SB,1660574
2026-07,BO,Import,SBO,18145
2026-07,BO,Export,BO Exports,41986
2026-07,SBM,Import,SBM,51334
2026-07,SBM,Export,SBM,1019243
2026-08,SB,Import,SB,61577
2026-08,SB,Export,SB,2171058
2026-08,BO,Import,SBO,11925
2026-08,BO,Export,BO Exports,24443
2026-08,SBM,Import,SBM,50620
2026-08,SBM,Export,SBM,986044
