section,item,unit,period,value
Stocks,Cake and meal on hand end of month,tons,2023-12,451979.0
Stocks,Cake and meal on hand end of month,tons,2024-01,309884.0
Stocks,Cake and meal on hand end of month,tons,2024-02,277315.0
Stocks,Cake and meal on hand end of month,tons,2024-03,495202.0
Stocks,Cake and meal on hand end of month,tons,2024-04,286988.0
Stocks,Cake and meal on hand end of month,tons,2024-05,298378.0
Stocks,Cake and meal on hand end of month,tons,2024-06,432534.0
Stocks,Cake and meal on hand end of month,tons,2024-07,396821.0
Stocks,Cake and meal on hand end of month,tons,2024-08,318493.0
Stocks,Cake and meal on hand end of month,tons,2024-10,303430.0
Stocks,Cake and meal on hand end of month,tons,2024-11,463019.0
Stocks,Cake and meal on hand end of month,tons,2024-12,414192.0
Stocks,Cake and meal on hand end of month,tons,2025-01,426330.0
Stocks,Cake and meal on hand end of month,tons,2025-02,435851.0
Stocks,Cake and meal on hand end of month,tons,2025-03,377242.0
Stocks,Cake and meal on hand end of month,tons,2025-04,390343.0
Stocks,Cake and meal on hand end of month,tons,2025-05,406557.0
Stocks,Cake and meal on hand end of month,tons,2025-06,411601.0
Stocks,Cake and meal on hand end of month,tons,2025-07,358523.0
Stocks,Cake and meal on hand end of month,tons,2025-08,416986.0
Stocks,Cake and meal on hand end of month,tons,2025-09,341070.0
Stocks,Cake and meal on hand end of month,tons,2025-10,345312.0
Stocks,Cake and meal on hand end of month,tons,2025-11,462916.0
Stocks,Cake and meal on hand end of month,tons,2025-12,350839.0
Stocks,Cake and meal on hand end of month,tons,2026-01,403949.0
Stocks,Cake and meal on hand end of month,tons,2026-02,418594.0
Stocks,Cake and meal on hand end of month,tons,2026-03,402212.0
Stocks,Cake and meal on hand end of month,tons,2026-04,347205.0
Stocks,Cake and meal on hand end of month,tons,2026-05,437290.0
Stocks,Cake and meal on hand end of month,tons,2026-06,433277.0
Stocks,Cake and meal on hand end of month,tons,2026-07,366931.0
Stocks,Cake and meal on hand end of month,tons,2026-08,452530.0
Crush,Cake and meal produced,tons,2023-12,4503856.0
Crush,Cake and meal produced,tons,2024-01,4290410.0
Crush,Cake and meal produced,tons,2024-02,4257700.0
Crush,Cake and meal produced,tons,2024-03,4485471.0
Crush,Cake and meal produced,tons,2024-04,3931950.0
Crush,Cake and meal produced,tons,2024-05,4222387.0
Crush,Cake and meal produced,tons,2024-06,4050911.0
Crush,Cake and meal produced,tons,2024-07,4266548.0
Crush,Cake and meal produced,tons,2024-08,3705121.0
Crush,Cake and meal produced,tons,2024-10,4771514.0
Crush,Cake and meal produced,tons,2024-11,4662626.0
Crush,Cake and meal produced,tons,2024-12,4826261.0
Crush,Cake and meal produced,tons,2025-01,4712365.0
Crush,Cake and meal produced,tons,2025-02,4206736.0
Crush,Cake and meal produced,tons,2025-03,4608761.0
Crush,Cake and meal produced,tons,2025-04,4508938.0
Crush,Cake and meal produced,tons,2025-05,4522401.0
Crush,Cake and meal produced,tons,2025-06,4387060.0
Crush,Cake and meal produced,tons,2025-07,4556455.0
Crush,Cake and meal produced,tons,2025-08,4411202.0
Crush,Cake and meal produced,tons,2025-09,4528163.0
Crush,Cake and meal produced,tons,2025-10,5218441.0
Crush,Cake and meal produced,tons,2025-11,4880779.0
Crush,Cake and meal produced,tons,2025-12,5107259.0
Crush,Cake and meal produced,tons,2026-01,5061962.0
Crush,Cake and meal produced,tons,2026-02,4752577.0
Crush,Cake and meal produced,tons,2026-03,5162831.0
Crush,Cake and meal produced,tons,2026-04,4833202.0
Crush,Cake and meal produced,tons,2026-05,4735529.0
Crush,Cake and meal produced,tons,2026-06,4848989.0
Crush,Cake and meal produced,tons,2026-07,4922953.0
Crush,Cake and meal produced,tons,2026-08,4605470.0
Stocks,Crude oil on hand end of month,"1,000 pounds",2023-12,1356410.0
Stocks,Crude oil on hand end of month,"1,000 pounds",2024-01,1543136.0
Stocks,Crude oil on hand end of month,"1,000 pounds",2024-02,1686631.0
Stocks,Crude oil on hand end of month,"1,000 pounds",2024-03,1871857.0
Stocks,Crude oil on hand end of month,"1,000 pounds",2024-04,1856137.0
Stocks,Crude oil on hand end of month,"1,000 pounds",2024-05,1733813.0
Stocks,Crude oil on hand end of month,"1,000 pounds",2024-06,1680784.0
Stocks,Crude oil on hand end of month,"1,000 pounds",2024-07,1499789.0
Stocks,Crude oil on hand end of month,"1,000 pounds",2024-08,1207718.0
Stocks,Crude oil on hand end of month,"1,000 pounds",2024-10,1118317.0
Stocks,Crude oil on hand end of month,"1,000 pounds",2024-11,1137797.0
Stocks,Crude oil on hand end of month,"1,000 pounds",2024-12,1191559.0
Stocks,Crude oil on hand end of month,"1,000 pounds",2025-01,1338070.0
Stocks,Crude oil on hand end of month,"1,000 pounds",2025-02,1476917.0
Stocks,Crude oil on hand end of month,"1,000 pounds",2025-03,1551689.0
Stocks,Crude oil on hand end of month,"1,000 pounds",2025-04,1527390.0
Stocks,Crude oil on hand end of month,"1,000 pounds",2025-05,1406376.0
Stocks,Crude oil on hand end of month,"1,000 pounds",2025-06,1442914.0
Stocks,Crude oil on hand end of month,"1,000 pounds",2025-07,1456377.0
Stocks,Crude oil on hand end of month,"1,000 pounds",2025-08,1336997.0
Stocks,Crude oil on hand end of month,"1,000 pounds",2025-09,1310116.0
Stocks,Crude oil on hand end of month,"1,000 pounds",2025-10,1357635.0
Stocks,Crude oil on hand end of month,"1,000 pounds",2025-11,1487461.0
Stocks,Crude oil on hand end of month,"1,000 pounds",2025-12,1714072.0
Stocks,Crude oil on hand end of month,"1,000 pounds",2026-01,1921903.0
Stocks,Crude oil on hand end of month,"1,000 pounds",2026-02,2107036.0
Stocks,Crude oil on hand end of month,"1,000 pounds",2026-03,2127030.0
Stocks,Crude oil on hand end of month,"1,000 pounds",2026-04,1993487.0
Stocks,Crude oil on hand end of month,"1,000 pounds",2026-05,1844760.0
Stocks,Crude oil on hand end of month,"1,000 pounds",2026-06,1676203.0
Stocks,Crude oil on hand end of month,"1,000 pounds",2026-07,1498084.0
Stocks,Crude oil on hand end of month,"1,000 pounds",2026-08,1279090.0
Refine,Crude oil processed in refining,"1,000 pounds",2023-12,1755288.0
Refine,Crude oil processed in refining,"1,000 pounds",2024-01,1617254.0
Refine,Crude oil processed in refining,"1,000 pounds",2024-02,1650719.0
Refine,Crude oil processed in refining,"1,000 pounds",2024-03,1827030.0
Refine,Crude oil processed in refining,"1,000 pounds",2024-04,1761410.0
Refine,Crude oil processed in refining,"1,000 pounds",2024-05,1825200.0
Refine,Crude oil processed in refining,"1,000 pounds",2024-06,1767309.0
Refine,Crude oil processed in refining,"1,000 pounds",2024-07,1915183.0
Refine,Crude oil processed in refining,"1,000 pounds",2024-08,1750277.0
Refine,Crude oil processed in refining,"1,000 pounds",2024-10,2049414.0
Refine,Crude oil processed in refining,"1,000 pounds",2024-11,1860306.0
Refine,Crude oil processed in refining,"1,000 pounds",2024-12,1970041.0
Refine,Crude oil processed in refining,"1,000 pounds",2025-01,1766344.0
Refine,Crude oil processed in refining,"1,000 pounds",2025-02,1657516.0
Refine,Crude oil processed in refining,"1,000 pounds",2025-03,1929858.0
Refine,Crude oil processed in refining,"1,000 pounds",2025-04,1793564.0
Refine,Crude oil processed in refining,"1,000 pounds",2025-05,1970542.0
Refine,Crude oil processed in refining,"1,000 pounds",2025-06,1854788.0
Refine,Crude oil processed in refining,"1,000 pounds",2025-07,1884846.0
Refine,Crude oil processed in refining,"1,000 pounds",2025-08,1932310.0
Refine,Crude oil processed in refining,"1,000 pounds",2025-09,1994659.0
Refine,Crude oil processed in refining,"1,000 pounds",2025-10,2135105.0
Refine,Crude oil processed in refining,"1,000 pounds",2025-11,1864574.0
Refine,Crude oil processed in refining,"1,000 pounds",2025-12,1958007.0
Refine,Crude oil processed in refining,"1,000 pounds",2026-01,1864678.0
Refine,Crude oil processed in refining,"1,000 pounds",2026-02,1804993.0
Refine,Crude oil processed in refining,"1,000 pounds",2026-03,2053799.0
Refine,Crude oil processed in refining,"1,000 pounds",2026-04,1980244.0
Refine,Crude oil processed in refining,"1,000 pounds",2026-05,1968231.0
Refine,Crude oil processed in refining,"1,000 pounds",2026-06,2068116.0
Refine,Crude oil processed in refining,"1,000 pounds",2026-07,2076285.0
Refine,Crude oil processed in refining,"1,000 pounds",2026-08,2053411.0
Crush,Crude oil produced,"1,000 pounds",2023-12,2376237.0
Crush,Crude oil produced,"1,000 pounds",2024-01,2282324.0
Crush,Crude oil produced,"1,000 pounds",2024-02,2288218.0
Crush,Crude oil produced,"1,000 pounds",2024-03,2403796.0
Crush,Crude oil produced,"1,000 pounds",2024-04,2096208.0
Crush,Crude oil produced,"1,000 pounds",2024-05,2267166.0
Crush,Crude oil produced,"1,000 pounds",2024-06,2182250.0
Crush,Crude oil produced,"1,000 pounds",2024-07,2303082.0
Crush,Crude oil produced,"1,000 pounds",2024-08,1991846.0
Crush,Crude oil produced,"1,000 pounds",2024-10,2543453.0
Crush,Crude oil produced,"1,000 pounds",2024-11,2489941.0
Crush,Crude oil produced,"1,000 pounds",2024-12,2572622.0
Crush,Crude oil produced,"1,000 pounds",2025-01,2526657.0
Crush,Crude oil produced,"1,000 pounds",2025-02,2245190.0
Crush,Crude oil produced,"1,000 pounds",2025-03,2475207.0
Crush,Crude oil produced,"1,000 pounds",2025-04,2402879.0
Crush,Crude oil produced,"1,000 pounds",2025-05,2415507.0
Crush,Crude oil produced,"1,000 pounds",2025-06,2349133.0
Crush,Crude oil produced,"1,000 pounds",2025-07,2436725.0
Crush,Crude oil produced,"1,000 pounds",2025-08,2354546.0
Crush,Crude oil produced,"1,000 pounds",2025-09,2406039.0
Crush,Crude oil produced,"1,000 pounds",2025-10,2740993.0
Crush,Crude oil produced,"1,000 pounds",2025-11,2532284.0
Crush,Crude oil produced,"1,000 pounds",2025-12,2657399.0
Crush,Crude oil produced,"1,000 pounds",2026-01,2626833.0
Crush,Crude oil produced,"1,000 pounds",2026-02,2478751.0
Crush,Crude oil produced,"1,000 pounds",2026-03,2685404.0
Crush,Crude oil produced,"1,000 pounds",2026-04,2522013.0
Crush,Crude oil produced,"1,000 pounds",2026-05,2468232.0
Crush,Crude oil produced,"1,000 pounds",2026-06,2532999.0
Crush,Crude oil produced,"1,000 pounds",2026-07,2573258.0
Crush,Crude oil produced,"1,000 pounds",2026-08,2447917.0
Consumption,Crude oil removed for inedible use in processing,"1,000 pounds",2024-03,163074.0
Consumption,Crude oil removed for inedible use in processing,"1,000 pounds",2024-10,201928.0
Consumption,Crude oil removed for inedible use in processing,"1,000 pounds",2025-01,178090.0
Consumption,Crude oil removed for inedible use in processing,"1,000 pounds",2025-02,173505.0
Consumption,Crude oil removed for inedible use in processing,"1,000 pounds",2025-04,260024.0
Consumption,Crude oil removed for inedible use in processing,"1,000 pounds",2026-07,230823.0
Consumption,Crude oil removed for inedible use in processing,"1,000 pounds",2026-08,228679.0
Stocks,Crusher,"1,000 pounds",2023-12,869075.0
Stocks,Crusher,"1,000 pounds",2024-01,985501.0
Stocks,Crusher,"1,000 pounds",2024-02,1019238.0
Stocks,Crusher,"1,000 pounds",2024-03,1098420.0
Stocks,Crusher,"1,000 pounds",2024-04,1047499.0
Stocks,Crusher,"1,000 pounds",2024-05,957625.0
Stocks,Crusher,"1,000 pounds",2024-06,955757.0
Stocks,Crusher,"1,000 pounds",2024-07,807051.0
Stocks,Crusher,"1,000 pounds",2024-08,677583.0
Stocks,Crusher,"1,000 pounds",2024-10,698752.0
Stocks,Crusher,"1,000 pounds",2024-11,691721.0
Stocks,Crusher,"1,000 pounds",2024-12,651979.0
Stocks,Crusher,"1,000 pounds",2025-01,779928.0
Stocks,Crusher,"1,000 pounds",2025-02,833304.0
Stocks,Crusher,"1,000 pounds",2025-03,831814.0
Stocks,Crusher,"1,000 pounds",2025-04,869563.0
Stocks,Crusher,"1,000 pounds",2025-05,834978.0
Stocks,Crusher,"1,000 pounds",2025-06,849327.0
Stocks,Crusher,"1,000 pounds",2025-07,870147.0
Stocks,Crusher,"1,000 pounds",2025-08,775782.0
Stocks,Crusher,"1,000 pounds",2025-09,743708.0
Stocks,Crusher,"1,000 pounds",2025-10,764046.0
Stocks,Crusher,"1,000 pounds",2025-11,879067.0
Stocks,Crusher,"1,000 pounds",2025-12,994386.0
Stocks,Crusher,"1,000 pounds",2026-01,1173409.0
Stocks,Crusher,"1,000 pounds",2026-02,1264842.0
Stocks,Crusher,"1,000 pounds",2026-03,1259216.0
Stocks,Crusher,"1,000 pounds",2026-04,1196250.0
Stocks,Crusher,"1,000 pounds",2026-05,1110681.0
Stocks,Crusher,"1,000 pounds",2026-06,1034156.0
Stocks,Crusher,"1,000 pounds",2026-07,908509.0
Stocks,Crusher,"1,000 pounds",2026-08,769244.0
Crush,For animal feed,tons,2023-12,4447916.0
Crush,For animal feed,tons,2024-01,4238267.0
Crush,For animal feed,tons,2024-02,4208963.0
Crush,For animal feed,tons,2024-03,4426590.0
Crush,For animal feed,tons,2024-04,3885341.0
Crush,For animal feed,tons,2024-05,4164017.0
Crush,For animal feed,tons,2024-06,3991242.0
Crush,For animal feed,tons,2024-07,4214722.0
Crush,For animal feed,tons,2024-08,3647409.0
Crush,For animal feed,tons,2024-10,4702505.0
Crush,For animal feed,tons,2024-11,4588028.0
Crush,For animal feed,tons,2024-12,4744322.0
Crush,For animal feed,tons,2025-01,4634422.0
Crush,For animal feed,tons,2025-02,4131976.0
Crush,For animal feed,tons,2025-03,4523852.0
Crush,For animal feed,tons,2025-04,4433335.0
Crush,For animal feed,tons,2025-05,4447752.0
Crush,For animal feed,tons,2025-06,4314951.0
Crush,For animal feed,tons,2025-07,4488655.0
Crush,For animal feed,tons,2025-08,4343587.0
Crush,For animal feed,tons,2025-09,4478807.0
Crush,For animal feed,tons,2025-10,5148922.0
Crush,For animal feed,tons,2025-11,4819149.0
Crush,For animal feed,tons,2025-12,5042555.0
Crush,For animal feed,tons,2026-01,4997561.0
Crush,For animal feed,tons,2026-02,4690751.0
Crush,For animal feed,tons,2026-03,5101746.0
Crush,For animal feed,tons,2026-04,4772265.0
Crush,For animal feed,tons,2026-05,4664702.0
Crush,For animal feed,tons,2026-06,4786390.0
Crush,For animal feed,tons,2026-07,4860806.0
Crush,For animal feed,tons,2026-08,4543062.0
Crush,For edible protein products,tons,2023-12,55940.0
Crush,For edible protein products,tons,2024-01,52143.0
Crush,For edible protein products,tons,2024-02,48737.0
Crush,For edible protein products,tons,2024-03,58881.0
Crush,For edible protein products,tons,2024-04,46609.0
Crush,For edible protein products,tons,2024-05,58370.0
Crush,For edible protein products,tons,2024-06,59669.0
Crush,For edible protein products,tons,2024-07,51826.0
Crush,For edible protein products,tons,2024-08,57712.0
Crush,For edible protein products,tons,2024-10,69009.0
Crush,For edible protein products,tons,2024-11,74598.0
Crush,For edible protein products,tons,2024-12,81939.0
Crush,For edible protein products,tons,2025-01,77943.0
Crush,For edible protein products,tons,2025-02,74760.0
Crush,For edible protein products,tons,2025-03,84909.0
Crush,For edible protein products,tons,2025-04,75603.0
Crush,For edible protein products,tons,2025-05,74649.0
Crush,For edible protein products,tons,2025-06,72109.0
Crush,For edible protein products,tons,2025-07,67800.0
Crush,For edible protein products,tons,2025-08,67615.0
Crush,For edible protein products,tons,2025-09,49356.0
Crush,For edible protein products,tons,2025-10,69519.0
Crush,For edible protein products,tons,2025-11,61630.0
Crush,For edible protein products,tons,2025-12,64704.0
Crush,For edible protein products,tons,2026-01,64401.0
Crush,For edible protein products,tons,2026-02,61826.0
Crush,For edible protein products,tons,2026-03,61085.0
Crush,For edible protein products,tons,2026-04,60937.0
Crush,For edible protein products,tons,2026-05,70827.0
Crush,For edible protein products,tons,2026-06,62599.0
Crush,For edible protein products,tons,2026-07,62147.0
Crush,For edible protein products,tons,2026-08,62408.0
Stocks,Millfeed on hand end of month,tons,2023-12,48781.0
Stocks,Millfeed on hand end of month,tons,2024-01,42487.0
Stocks,Millfeed on hand end of month,tons,2024-02,48248.0
Stocks,Millfeed on hand end of month,tons,2024-03,64513.0
Stocks,Millfeed on hand end of month,tons,2024-04,48367.0
Stocks,Millfeed on hand end of month,tons,2024-05,44983.0
Stocks,Millfeed on hand end of month,tons,2024-06,60281.0
Stocks,Millfeed on hand end of month,tons,2024-07,33709.0
Stocks,Millfeed on hand end of month,tons,2024-08,35049.0
Stocks,Millfeed on hand end of month,tons,2024-10,37780.0
Stocks,Millfeed on hand end of month,tons,2024-11,50742.0
Stocks,Millfeed on hand end of month,tons,2024-12,41143.0
Stocks,Millfeed on hand end of month,tons,2025-01,35651.0
Stocks,Millfeed on hand end of month,tons,2025-02,35880.0
Stocks,Millfeed on hand end of month,tons,2025-03,44318.0
Stocks,Millfeed on hand end of month,tons,2025-04,38580.0
Stocks,Millfeed on hand end of month,tons,2025-05,48117.0
Stocks,Millfeed on hand end of month,tons,2025-06,53172.0
Stocks,Millfeed on hand end of month,tons,2025-07,51704.0
Stocks,Millfeed on hand end of month,tons,2025-08,50905.0
Stocks,Millfeed on hand end of month,tons,2025-09,57003.0
Stocks,Millfeed on hand end of month,tons,2025-10,48199.0
Stocks,Millfeed on hand end of month,tons,2025-11,62493.0
Stocks,Millfeed on hand end of month,tons,2025-12,60683.0
Stocks,Millfeed on hand end of month,tons,2026-01,71623.0
Stocks,Millfeed on hand end of month,tons,2026-02,78371.0
Stocks,Millfeed on hand end of month,tons,2026-03,55931.0
Stocks,Millfeed on hand end of month,tons,2026-04,50885.0
Stocks,Millfeed on hand end of month,tons,2026-05,54568.0
Stocks,Millfeed on hand end of month,tons,2026-06,48144.0
Stocks,Millfeed on hand end of month,tons,2026-07,48875.0
Stocks,Millfeed on hand end of month,tons,2026-08,53319.0
Crush,Millfeed produced,tons,2023-12,314486.0
Crush,Millfeed produced,tons,2024-01,293148.0
Crush,Millfeed produced,tons,2024-02,288857.0
Crush,Millfeed produced,tons,2024-03,307564.0
Crush,Millfeed produced,tons,2024-04,269827.0
Crush,Millfeed produced,tons,2024-05,284506.0
Crush,Millfeed produced,tons,2024-06,279769.0
Crush,Millfeed produced,tons,2024-07,282107.0
Crush,Millfeed produced,tons,2024-08,257960.0
Crush,Millfeed produced,tons,2024-10,317235.0
Crush,Millfeed produced,tons,2024-11,312185.0
Crush,Millfeed produced,tons,2024-12,335883.0
Crush,Millfeed produced,tons,2025-01,333649.0
Crush,Millfeed produced,tons,2025-02,297779.0
Crush,Millfeed produced,tons,2025-03,312457.0
Crush,Millfeed produced,tons,2025-04,304903.0
Crush,Millfeed produced,tons,2025-05,310209.0
Crush,Millfeed produced,tons,2025-06,296550.0
Crush,Millfeed produced,tons,2025-07,306341.0
Crush,Millfeed produced,tons,2025-08,301773.0
Crush,Millfeed produced,tons,2025-09,311811.0
Crush,Millfeed produced,tons,2025-10,351959.0
Crush,Millfeed produced,tons,2025-11,335622.0
Crush,Millfeed produced,tons,2025-12,355944.0
Crush,Millfeed produced,tons,2026-01,359777.0
Crush,Millfeed produced,tons,2026-02,324807.0
Crush,Millfeed produced,tons,2026-03,357965.0
Crush,Millfeed produced,tons,2026-04,336403.0
Crush,Millfeed produced,tons,2026-05,320855.0
Crush,Millfeed produced,tons,2026-06,330947.0
Crush,Millfeed produced,tons,2026-07,337939.0
Crush,Millfeed produced,tons,2026-08,315657.0
Stocks,Offsite,"1,000 pounds",2023-12,255431.0
Stocks,Offsite,"1,000 pounds",2024-01,280604.0
Stocks,Offsite,"1,000 pounds",2024-02,404098.0
Stocks,Offsite,"1,000 pounds",2024-03,485729.0
Stocks,Offsite,"1,000 pounds",2024-04,525743.0
Stocks,Offsite,"1,000 pounds",2024-05,519210.0
Stocks,Offsite,"1,000 pounds",2024-06,483228.0
Stocks,Offsite,"1,000 pounds",2024-07,413066.0
Stocks,Offsite,"1,000 pounds",2024-08,323353.0
Stocks,Offsite,"1,000 pounds",2024-11,256202.0
Stocks,Offsite,"1,000 pounds",2024-12,284446.0
Stocks,Offsite,"1,000 pounds",2025-01,226108.0
Stocks,Offsite,"1,000 pounds",2025-02,295744.0
Stocks,Offsite,"1,000 pounds",2025-04,289188.0
Stocks,Offsite,"1,000 pounds",2025-05,234966.0
Stocks,Offsite,"1,000 pounds",2025-06,205628.0
Stocks,Offsite,"1,000 pounds",2025-07,201016.0
Stocks,Offsite,"1,000 pounds",2025-08,202638.0
Stocks,Offsite,"1,000 pounds",2025-09,237698.0
Stocks,Offsite,"1,000 pounds",2025-10,261997.0
Stocks,Offsite,"1,000 pounds",2025-11,281462.0
Stocks,Offsite,"1,000 pounds",2025-12,317939.0
Stocks,Offsite,"1,000 pounds",2026-01,317826.0
Stocks,Offsite,"1,000 pounds",2026-02,397807.0
Stocks,Offsite,"1,000 pounds",2026-03,434805.0
Stocks,Offsite,"1,000 pounds",2026-04,428948.0
Stocks,Offsite,"1,000 pounds",2026-06,315466.0
Stocks,Once refined oil on hand end of month,"1,000 pounds",2023-12,467424.0
Stocks,Once refined oil on hand end of month,"1,000 pounds",2024-01,484913.0
Stocks,Once refined oil on hand end of month,"1,000 pounds",2024-02,460178.0
Stocks,Once refined oil on hand end of month,"1,000 pounds",2024-03,496710.0
Stocks,Once refined oil on hand end of month,"1,000 pounds",2024-04,454709.0
Stocks,Once refined oil on hand end of month,"1,000 pounds",2024-05,454069.0
Stocks,Once refined oil on hand end of month,"1,000 pounds",2024-06,444207.0
Stocks,Once refined oil on hand end of month,"1,000 pounds",2024-07,508746.0
Stocks,Once refined oil on hand end of month,"1,000 pounds",2024-08,421713.0
Stocks,Once refined oil on hand end of month,"1,000 pounds",2024-10,473806.0
Stocks,Once refined oil on hand end of month,"1,000 pounds",2024-11,480352.0
Stocks,Once refined oil on hand end of month,"1,000 pounds",2024-12,495637.0
Stocks,Once refined oil on hand end of month,"1,000 pounds",2025-01,478487.0
Stocks,Once refined oil on hand end of month,"1,000 pounds",2025-02,446699.0
Stocks,Once refined oil on hand end of month,"1,000 pounds",2025-03,527980.0
Stocks,Once refined oil on hand end of month,"1,000 pounds",2025-04,448450.0
Stocks,Once refined oil on hand end of month,"1,000 pounds",2025-05,469550.0
Stocks,Once refined oil on hand end of month,"1,000 pounds",2025-06,450988.0
Stocks,Once refined oil on hand end of month,"1,000 pounds",2025-07,417821.0
Stocks,Once refined oil on hand end of month,"1,000 pounds",2025-08,451233.0
Stocks,Once refined oil on hand end of month,"1,000 pounds",2025-09,436885.0
Stocks,Once refined oil on hand end of month,"1,000 pounds",2025-10,428832.0
Stocks,Once refined oil on hand end of month,"1,000 pounds",2025-11,467125.0
Stocks,Once refined oil on hand end of month,"1,000 pounds",2025-12,463332.0
Stocks,Once refined oil on hand end of month,"1,000 pounds",2026-01,510997.0
Stocks,Once refined oil on hand end of month,"1,000 pounds",2026-02,492406.0
Stocks,Once refined oil on hand end of month,"1,000 pounds",2026-03,476013.0
Stocks,Once refined oil on hand end of month,"1,000 pounds",2026-04,442830.0
Stocks,Once refined oil on hand end of month,"1,000 pounds",2026-05,470877.0
Stocks,Once refined oil on hand end of month,"1,000 pounds",2026-06,420561.0
Stocks,Once refined oil on hand end of month,"1,000 pounds",2026-07,464806.0
Stocks,Once refined oil on hand end of month,"1,000 pounds",2026-08,417267.0
Refine,Once refined oil produced,"1,000 pounds",2023-12,1711129.0
Refine,Once refined oil produced,"1,000 pounds",2024-01,1586853.0
Refine,Once refined oil produced,"1,000 pounds",2024-02,1625678.0
Refine,Once refined oil produced,"1,000 pounds",2024-03,1791949.0
Refine,Once refined oil produced,"1,000 pounds",2024-04,1716904.0
Refine,Once refined oil produced,"1,000 pounds",2024-05,1788504.0
Refine,Once refined oil produced,"1,000 pounds",2024-06,1725486.0
Refine,Once refined oil produced,"1,000 pounds",2024-07,1881513.0
Refine,Once refined oil produced,"1,000 pounds",2024-08,1713666.0
Refine,Once refined oil produced,"1,000 pounds",2024-10,2005831.0
Refine,Once refined oil produced,"1,000 pounds",2024-11,1820151.0
Refine,Once refined oil produced,"1,000 pounds",2024-12,1918139.0
Refine,Once refined oil produced,"1,000 pounds",2025-01,1717621.0
Refine,Once refined oil produced,"1,000 pounds",2025-02,1612586.0
Refine,Once refined oil produced,"1,000 pounds",2025-03,1876913.0
Refine,Once refined oil produced,"1,000 pounds",2025-04,1745629.0
Refine,Once refined oil produced,"1,000 pounds",2025-05,1916602.0
Refine,Once refined oil produced,"1,000 pounds",2025-06,1803236.0
Refine,Once refined oil produced,"1,000 pounds",2025-07,1833871.0
Refine,Once refined oil produced,"1,000 pounds",2025-08,1880368.0
Refine,Once refined oil produced,"1,000 pounds",2025-09,1944785.0
Refine,Once refined oil produced,"1,000 pounds",2025-10,2079680.0
Refine,Once refined oil produced,"1,000 pounds",2025-11,1815204.0
Refine,Once refined oil produced,"1,000 pounds",2025-12,1909997.0
Refine,Once refined oil produced,"1,000 pounds",2026-01,1817496.0
Refine,Once refined oil produced,"1,000 pounds",2026-02,1758805.0
Refine,Once refined oil produced,"1,000 pounds",2026-03,2000918.0
Refine,Once refined oil produced,"1,000 pounds",2026-04,1930432.0
Refine,Once refined oil produced,"1,000 pounds",2026-05,1918940.0
Refine,Once refined oil produced,"1,000 pounds",2026-06,2016694.0
Refine,Once refined oil produced,"1,000 pounds",2026-07,2025006.0
Refine,Once refined oil produced,"1,000 pounds",2026-08,2001002.0
Consumption,Once refined oil removed for use in processing,"1,000 pounds",2023-12,1670436.0
Consumption,Once refined oil removed for use in processing,"1,000 pounds",2024-01,1570579.0
Consumption,Once refined oil removed for use in processing,"1,000 pounds",2024-02,1653901.0
Consumption,Once refined oil removed for use in processing,"1,000 pounds",2024-03,1756125.0
Consumption,Once refined oil removed for use in processing,"1,000 pounds",2024-04,1760312.0
Consumption,Once refined oil removed for use in processing,"1,000 pounds",2024-05,1789951.0
Consumption,Once refined oil removed for use in processing,"1,000 pounds",2024-06,1737476.0
Consumption,Once refined oil removed for use in processing,"1,000 pounds",2024-07,1818020.0
Consumption,Once refined oil removed for use in processing,"1,000 pounds",2024-08,1799003.0
Consumption,Once refined oil removed for use in processing,"1,000 pounds",2024-10,1964207.0
Consumption,Once refined oil removed for use in processing,"1,000 pounds",2024-11,1808472.0
Consumption,Once refined oil removed for use in processing,"1,000 pounds",2024-12,1905518.0
Consumption,Once refined oil removed for use in processing,"1,000 pounds",2025-01,1753515.0
Consumption,Once refined oil removed for use in processing,"1,000 pounds",2025-02,1635522.0
Consumption,Once refined oil removed for use in processing,"1,000 pounds",2025-03,1793221.0
Consumption,Once refined oil removed for use in processing,"1,000 pounds",2025-04,1816163.0
Consumption,Once refined oil removed for use in processing,"1,000 pounds",2025-05,1892949.0
Consumption,Once refined oil removed for use in processing,"1,000 pounds",2025-06,1780254.0
Consumption,Once refined oil removed for use in processing,"1,000 pounds",2025-07,1868558.0
Consumption,Once refined oil removed for use in processing,"1,000 pounds",2025-08,1848062.0
Consumption,Once refined oil removed for use in processing,"1,000 pounds",2025-09,1955715.0
Consumption,Once refined oil removed for use in processing,"1,000 pounds",2025-10,2072316.0
Consumption,Once refined oil removed for use in processing,"1,000 pounds",2025-11,1779330.0
Consumption,Once refined oil removed for use in processing,"1,000 pounds",2025-12,1913712.0
Consumption,Once refined oil removed for use in processing,"1,000 pounds",2026-01,1779059.0
Consumption,Once refined oil removed for use in processing,"1,000 pounds",2026-02,1801101.0
Consumption,Once refined oil removed for use in processing,"1,000 pounds",2026-03,2022589.0
Consumption,Once refined oil removed for use in processing,"1,000 pounds",2026-04,1938218.0
Consumption,Once refined oil removed for use in processing,"1,000 pounds",2026-05,1886968.0
Consumption,Once refined oil removed for use in processing,"1,000 pounds",2026-06,2062313.0
Consumption,Once refined oil removed for use in processing,"1,000 pounds",2026-07,1979813.0
Consumption,Once refined oil removed for use in processing,"1,000 pounds",2026-08,2049070.0
Stocks,Refiner,"1,000 pounds",2023-12,231904.0
Stocks,Refiner,"1,000 pounds",2024-01,277031.0
Stocks,Refiner,"1,000 pounds",2024-02,263295.0
Stocks,Refiner,"1,000 pounds",2024-03,287708.0
Stocks,Refiner,"1,000 pounds",2024-04,282895.0
Stocks,Refiner,"1,000 pounds",2024-05,256978.0
Stocks,Refiner,"1,000 pounds",2024-06,241799.0
Stocks,Refiner,"1,000 pounds",2024-07,279672.0
Stocks,Refiner,"1,000 pounds",2024-08,206782.0
Stocks,Refiner,"1,000 pounds",2024-11,189874.0
Stocks,Refiner,"1,000 pounds",2024-12,255134.0
Stocks,Refiner,"1,000 pounds",2025-01,332034.0
Stocks,Refiner,"1,000 pounds",2025-02,347869.0
Stocks,Refiner,"1,000 pounds",2025-03,365449.0
Stocks,Refiner,"1,000 pounds",2025-04,368639.0
Stocks,Refiner,"1,000 pounds",2025-05,336432.0
Stocks,Refiner,"1,000 pounds",2025-06,387959.0
Stocks,Refiner,"1,000 pounds",2025-07,385214.0
Stocks,Refiner,"1,000 pounds",2025-08,358577.0
Stocks,Refiner,"1,000 pounds",2025-09,328710.0
Stocks,Refiner,"1,000 pounds",2025-10,331592.0
Stocks,Refiner,"1,000 pounds",2025-11,326932.0
Stocks,Refiner,"1,000 pounds",2025-12,401747.0
Stocks,Refiner,"1,000 pounds",2026-01,430668.0
Stocks,Refiner,"1,000 pounds",2026-02,444387.0
Stocks,Refiner,"1,000 pounds",2026-03,433009.0
Stocks,Refiner,"1,000 pounds",2026-04,368289.0
Stocks,Refiner,"1,000 pounds",2026-05,332698.0
Stocks,Refiner,"1,000 pounds",2026-06,326581.0
Stocks,Refiner,"1,000 pounds",2026-07,351029.0
Stocks,Refiner,"1,000 pounds",2026-08,286632.0
Consumption,Removed for edible use in processing,"1,000 pounds",2023-12,1144324.0
Consumption,Removed for edible use in processing,"1,000 pounds",2024-01,1132128.0
Consumption,Removed for edible use in processing,"1,000 pounds",2024-02,1175353.0
Consumption,Removed for edible use in processing,"1,000 pounds",2024-03,1233543.0
Consumption,Removed for edible use in processing,"1,000 pounds",2024-04,1253216.0
Consumption,Removed for edible use in processing,"1,000 pounds",2024-05,1248851.0
Consumption,Removed for edible use in processing,"1,000 pounds",2024-06,1191434.0
Consumption,Removed for edible use in processing,"1,000 pounds",2024-07,1259897.0
Consumption,Removed for edible use in processing,"1,000 pounds",2024-08,1228870.0
Consumption,Removed for edible use in processing,"1,000 pounds",2024-10,1329281.0
Consumption,Removed for edible use in processing,"1,000 pounds",2024-11,1179820.0
Consumption,Removed for edible use in processing,"1,000 pounds",2024-12,1226452.0
Consumption,Removed for edible use in processing,"1,000 pounds",2025-01,1208978.0
Consumption,Removed for edible use in processing,"1,000 pounds",2025-02,1083189.0
Consumption,Removed for edible use in processing,"1,000 pounds",2025-03,1211486.0
Consumption,Removed for edible use in processing,"1,000 pounds",2025-04,1151593.0
Consumption,Removed for edible use in processing,"1,000 pounds",2025-05,1191966.0
Consumption,Removed for edible use in processing,"1,000 pounds",2025-06,1159768.0
Consumption,Removed for edible use in processing,"1,000 pounds",2025-07,1260026.0
Consumption,Removed for edible use in processing,"1,000 pounds",2025-08,1273182.0
Consumption,Removed for edible use in processing,"1,000 pounds",2025-09,1340708.0
Consumption,Removed for edible use in processing,"1,000 pounds",2025-10,1386273.0
Consumption,Removed for edible use in processing,"1,000 pounds",2025-11,1204519.0
Consumption,Removed for edible use in processing,"1,000 pounds",2025-12,1377710.0
Consumption,Removed for edible use in processing,"1,000 pounds",2026-01,1182154.0
Consumption,Removed for edible use in processing,"1,000 pounds",2026-02,1230035.0
Consumption,Removed for edible use in processing,"1,000 pounds",2026-03,1363836.0
Consumption,Removed for edible use in processing,"1,000 pounds",2026-04,1251131.0
Consumption,Removed for edible use in processing,"1,000 pounds",2026-05,1197064.0
Consumption,Removed for edible use in processing,"1,000 pounds",2026-06,1330946.0
Consumption,Removed for edible use in processing,"1,000 pounds",2026-07,1290836.0
Consumption,Removed for edible use in processing,"1,000 pounds",2026-08,1295867.0
Consumption,Removed for inedible use in processing,"1,000 pounds",2023-12,526112.0
Consumption,Removed for inedible use in processing,"1,000 pounds",2024-01,438451.0
Consumption,Removed for inedible use in processing,"1,000 pounds",2024-02,478548.0
Consumption,Removed for inedible use in processing,"1,000 pounds",2024-03,522582.0
Consumption,Removed for inedible use in processing,"1,000 pounds",2024-04,507096.0
Consumption,Removed for inedible use in processing,"1,000 pounds",2024-05,541100.0
Consumption,Removed for inedible use in processing,"1,000 pounds",2024-06,546042.0
Consumption,Removed for inedible use in processing,"1,000 pounds",2024-07,558123.0
Consumption,Removed for inedible use in processing,"1,000 pounds",2024-08,570133.0
Consumption,Removed for inedible use in processing,"1,000 pounds",2024-10,634926.0
Consumption,Removed for inedible use in processing,"1,000 pounds",2024-11,628652.0
Consumption,Removed for inedible use in processing,"1,000 pounds",2024-12,679066.0
Consumption,Removed for inedible use in processing,"1,000 pounds",2025-01,544537.0
Consumption,Removed for inedible use in processing,"1,000 pounds",2025-02,552333.0
Consumption,Removed for inedible use in processing,"1,000 pounds",2025-03,581735.0
Consumption,Removed for inedible use in processing,"1,000 pounds",2025-04,664570.0
Consumption,Removed for inedible use in processing,"1,000 pounds",2025-05,700983.0
Consumption,Removed for inedible use in processing,"1,000 pounds",2025-06,620486.0
Consumption,Removed for inedible use in processing,"1,000 pounds",2025-07,608532.0
Consumption,Removed for inedible use in processing,"1,000 pounds",2025-08,574880.0
Consumption,Removed for inedible use in processing,"1,000 pounds",2025-09,615007.0
Consumption,Removed for inedible use in processing,"1,000 pounds",2025-10,686043.0
Consumption,Removed for inedible use in processing,"1,000 pounds",2025-11,574811.0
Consumption,Removed for inedible use in processing,"1,000 pounds",2025-12,536002.0
Consumption,Removed for inedible use in processing,"1,000 pounds",2026-01,596905.0
Consumption,Removed for inedible use in processing,"1,000 pounds",2026-02,571066.0
Consumption,Removed for inedible use in processing,"1,000 pounds",2026-03,658753.0
Consumption,Removed for inedible use in processing,"1,000 pounds",2026-04,687087.0
Consumption,Removed for inedible use in processing,"1,000 pounds",2026-05,689904.0
Consumption,Removed for inedible use in processing,"1,000 pounds",2026-06,731367.0
Consumption,Removed for inedible use in processing,"1,000 pounds",2026-07,688977.0
Consumption,Removed for inedible use in processing,"1,000 pounds",2026-08,753203.0
Crush,Soybeans crushed,tons,2023-12,6128558.0
Crush,Soybeans crushed,tons,2024-01,5828390.0
Crush,Soybeans crushed,tons,2024-02,5803253.0
Crush,Soybeans crushed,tons,2024-03,6106056.0
Crush,Soybeans crushed,tons,2024-04,5327076.0
Crush,Soybeans crushed,tons,2024-05,5748779.0
Crush,Soybeans crushed,tons,2024-06,5504777.0
Crush,Soybeans crushed,tons,2024-07,5798234.0
Crush,Soybeans crushed,tons,2024-08,5026648.0
Crush,Soybeans crushed,tons,2024-10,6473504.0
Crush,Soybeans crushed,tons,2024-11,6301225.0
Crush,Soybeans crushed,tons,2024-12,6531043.0
Crush,Soybeans crushed,tons,2025-01,6376635.0
Crush,Soybeans crushed,tons,2025-02,5687304.0
Crush,Soybeans crushed,tons,2025-03,6202642.0
Crush,Soybeans crushed,tons,2025-04,6071540.0
Crush,Soybeans crushed,tons,2025-05,6111115.0
Crush,Soybeans crushed,tons,2025-06,5907743.0
Crush,Soybeans crushed,tons,2025-07,6155209.0
Crush,Soybeans crushed,tons,2025-08,5941050.0
Crush,Soybeans crushed,tons,2025-09,6148544.0
Crush,Soybeans crushed,tons,2025-10,7090382.0
Crush,Soybeans crushed,tons,2025-11,6615176.0
Crush,Soybeans crushed,tons,2025-12,6895963.0
Crush,Soybeans crushed,tons,2026-01,6839394.0
Crush,Soybeans crushed,tons,2026-02,6426352.0
Crush,Soybeans crushed,tons,2026-03,6954012.0
Crush,Soybeans crushed,tons,2026-04,6525326.0
Crush,Soybeans crushed,tons,2026-05,6393408.0
Crush,Soybeans crushed,tons,2026-06,6534388.0
Crush,Soybeans crushed,tons,2026-07,6657663.0
Crush,Soybeans crushed,tons,2026-08,6289327.0
