period,commodity,flow,amount_bu,amount_mt
1989-01,Corn,Export,2454177.2,62338.97894268599
1989-02,Corn,Export,3910123.6,99321.72492014819
1989-03,Corn,Export,5795462.6,147211.54649490028
1989-04,Corn,Export,2465360.7,62623.052957800115
1989-05,Corn,Export,1829583.1,46473.556328693034
1989-06,Corn,Export,1756674.2,44621.584766967826
1989-07,Corn,Export,2096055.7,53242.27286644051
1989-08,Corn,Export,4037202.4,102549.67546799853
1989-09,Corn,Export,4157154.4999999995,105596.59947822524
1989-10,Corn,Export,4146865.5,105335.24681210917
1989-11,Corn,Export,2555928.8000000003,64923.58890882234
1989-12,Corn,Export,3156757.0999999996,80185.33233218631
1990-01,Corn,Export,2000049.2999999998,50803.59771781509
1990-02,Corn,Export,1093008.5999999999,27763.70023304539
1990-03,Corn,Export,2312687.6,58744.977175002285
1990-04,Corn,Export,532456.5,13525.019522386681
1990-05,Corn,Export,2121857.5999999996,53897.671384844674
1990-06,Corn,Export,1049815.1,26666.534679164073
1990-07,Corn,Export,1148617.2999999998,29176.226426480054
1990-08,Corn,Export,795961.7,20218.360620204825
1990-09,Corn,Export,726863.0,18463.172606777363
1990-10,Corn,Export,1125101.3,28578.892448796538
1990-11,Corn,Export,594921.1,15111.693615872393
1990-12,Corn,Export,671126.1,17047.389982999994
1991-01,Corn,Export,1311052.8,33302.27861783962
1991-02,Corn,Export,820495.6,20841.550451600033
1991-03,Corn,Export,1055966.3,26822.78237279934
1991-04,Corn,Export,1783895.4000000001,45313.03516981349
1991-05,Corn,Export,1593034.3,40464.9394031843
1991-06,Corn,Export,1888140.7999999998,47960.990580478974
1991-07,Corn,Export,2294621.9,58286.08720899458
1991-08,Corn,Export,1547651.8,39312.1706822189
1991-09,Corn,Export,261939.20000000004,6653.562861338625
1991-10,Corn,Export,671251.9,17050.585450528168
1991-11,Corn,Export,1513342.2,38440.66660666479
1991-12,Corn,Export,2582091.6999999997,65588.15725057843
1992-01,Corn,Export,100189248.7,2544924.4109157356
1992-02,Corn,Export,134155436.4,3407705.4113233755
1992-03,Corn,Export,124300247.1,3157372.045725779
1992-04,Corn,Export,142446225.70000002,3618301.1823178036
1992-05,Corn,Export,104711888.0,2659804.752925296
1992-06,Corn,Export,147780587.8,3753800.235370925
1992-07,Corn,Export,146358254.4,3717671.2990121003
1992-08,Corn,Export,135557511.1,3443319.7529444173
1992-09,Corn,Export,153957069.7,3910690.118914779
1992-10,Corn,Export,139423232.7,3541513.614993452
1992-11,Corn,Export,194133826.6,4931226.860261131
1992-12,Corn,Export,173102447.2,4397005.159581881
1993-01,Corn,Export,153676630.20000002,3903566.6267377688
1993-02,Corn,Export,136262663.20000002,3461231.443230388
1993-03,Corn,Export,135915164.5,3452404.568731713
1993-04,Corn,Export,153345015.3,3895143.219386343
1993-05,Corn,Export,122030478.7,3099717.2665629815
1993-06,Corn,Export,111325832.5,2827806.6995302895
1993-07,Corn,Export,91300944.1,2319151.050583165
1993-08,Corn,Export,98804662.5,2509754.2977038072
1993-09,Corn,Export,138867693.70000002,3527402.272901756
1993-10,Corn,Export,151370538.70000002,3844989.1982381446
1993-11,Corn,Export,145171373.5,3687523.132273131
1993-12,Corn,Export,141959528.8,3605938.5102986144
1994-01,Corn,Export,101814263.30000001,2586201.6874428573
1994-02,Corn,Export,86221275.1,2190121.5009537353
1994-03,Corn,Export,111186983.30000001,2824279.767019056
1994-04,Corn,Export,86418559.89999999,2195132.7662335658
1994-05,Corn,Export,72243002.60000001,1835056.9868540093
1994-06,Corn,Export,86503877.8,2197299.9409475736
1994-07,Corn,Export,93042170.6,2363380.245654306
1994-08,Corn,Export,113522604.2,2883607.2769083977
1994-09,Corn,Export,115520552.6,2934357.509302445
1994-10,Corn,Export,139916652.70000002,3554047.0616369545
1994-11,Corn,Export,193866581.10000002,4924438.511156988
1994-12,Corn,Export,207171696.9,5262404.055652389
1995-01,Corn,Export,190433028.5,4837222.248521183
1995-02,Corn,Export,192829808.0,4898103.258572438
1995-03,Corn,Export,196274073.6,4985591.643971592
1995-04,Corn,Export,165098125.8,4193686.0091940886
1995-05,Corn,Export,206789456.89999998,5252694.711391896
1995-06,Corn,Export,167713911.5,4260130.033558294
1995-07,Corn,Export,192044864.89999998,4878164.783313965
1995-08,Corn,Export,209822784.2,5329744.782055487
1995-09,Corn,Export,250425944.1,6361112.659653165
1995-10,Corn,Export,209230803.4,5314707.775507764
1995-11,Corn,Export,200764600.89999998,5099656.3035227675
1995-12,Corn,Export,184680463.8,4691100.358993508
1996-01,Corn,Export,214062700.79999998,5437443.635930482
1996-02,Corn,Export,163438075.4,4151518.7822597832
1996-03,Corn,Export,214041359.1,5436901.531722644
1996-04,Corn,Export,198443243.6,5040691.105800634
1996-05,Corn,Export,197235068.8,5010002.049029884
1996-06,Corn,Export,137330896.70000002,3488365.8268691786
1996-07,Corn,Export,148286938.6,3766662.139498635
1996-08,Corn,Export,109883984.7,2791182.0745265377
1996-09,Corn,Export,100255667.0,2546611.5136258043
1996-10,Corn,Export,144716459.4,3675967.780646268
1996-11,Corn,Export,241558486.29999998,6135868.8324880535
1996-12,Corn,Export,188288780.0,4782755.822018082
1997-01,Corn,Export,183018490.8,4648884.295764531
1997-02,Corn,Export,153411221.0,3896824.921807091
1997-03,Corn,Export,166542705.5,4230380.027661595
1997-04,Corn,Export,143137165.4,3635851.860976608
1997-05,Corn,Export,123177724.5,3128858.6552810757
1997-06,Corn,Export,113170279.0,2874657.803649589
1997-07,Corn,Export,97418322.7,2474539.640995397
1997-08,Corn,Export,142673338.2,3624070.1061571743
1997-09,Corn,Export,141991077.0,3606739.8715758193
1997-10,Corn,Export,117548468.8,2985868.9589603315
1997-11,Corn,Export,120547295.6,3062042.676464496
1997-12,Corn,Export,141046080.5,3582735.8522595246
1998-01,Corn,Export,118476548.6,3009443.2742580744
1998-02,Corn,Export,120378849.4,3057763.9454442686
1998-03,Corn,Export,131336347.79999998,3336097.254881792
1998-04,Corn,Export,105847076.9,2688639.8822440226
1998-05,Corn,Export,113138586.89999999,2873852.7871436295
1998-06,Corn,Export,128518752.1,3264527.019850963
1998-07,Corn,Export,128382104.7,3261056.015641824
1998-08,Corn,Export,137214981.5,3485421.4448531047
1998-09,Corn,Export,125229802.6,3180983.8455341053
1998-10,Corn,Export,157177666.6,3992497.057033175
1998-11,Corn,Export,167811785.5,4262616.147937092
1998-12,Corn,Export,188686843.3,4792867.096654875
1999-01,Corn,Export,129788678.19999999,3296784.6320586987
1999-02,Corn,Export,146606296.29999998,3723971.854155797
1999-03,Corn,Export,173263214.0,4401088.824836322
1999-04,Corn,Export,173611168.6,4409927.279729641
1999-05,Corn,Export,150478314.60000002,3822325.6597690983
1999-06,Corn,Export,199202794.9,5059984.599561635
1999-07,Corn,Export,188634219.1,4791530.380261423
1999-08,Corn,Export,183702511.0,4666259.211008701
1999-09,Corn,Export,190715106.1,4844387.350359226
1999-10,Corn,Export,181235605.7,4603596.923399516
1999-11,Corn,Export,163066344.1,4142076.371303053
1999-12,Corn,Export,164370898.4,4175213.580399972
2000-01,Corn,Export,156648459.4,3979054.573541308
2000-02,Corn,Export,144080440.0,3659812.1420135973
2000-03,Corn,Export,154046708.2,3912967.0419356404
2000-04,Corn,Export,153092644.5,3888732.705106058
2000-05,Corn,Export,144008706.5,3657990.026990287
2000-06,Corn,Export,143632566.0,3648435.6171827996
2000-07,Corn,Export,153539233.2,3900076.5818095584
2000-08,Corn,Export,188128943.3,4778695.782394388
2000-09,Corn,Export,202614383.20000002,5146642.943219467
2000-10,Corn,Export,157351780.20000002,3996919.7466596765
2000-11,Corn,Export,146709021.70000002,3726581.1997839287
2000-12,Corn,Export,140378391.8,3565775.7762676324
2001-01,Corn,Export,130467270.5,3314021.672277461
2001-02,Corn,Export,144441273.0,3668977.7233696724
2001-03,Corn,Export,175632273.4,4461265.711839662
2001-04,Corn,Export,164881761.9,4188190.112399816
2001-05,Corn,Export,114674902.9,2912877.0152121293
2001-06,Corn,Export,154600183.5,3927025.9636271945
2001-07,Corn,Export,183033423.5,4649263.603856407
2001-08,Corn,Export,226563256.1,5754972.400201694
2001-09,Corn,Export,163900206.8,4163257.461770519
2001-10,Corn,Export,144338855.1,3666376.1886021527
2001-11,Corn,Export,139642051.4,3547071.866586518
2001-12,Corn,Export,142520314.0,3620183.1120226346
2002-01,Corn,Export,146425787.79999998,3719386.7265698686
2002-02,Corn,Export,159431819.7,4049755.1892635985
2002-03,Corn,Export,176789427.9,4490658.793157888
2002-04,Corn,Export,157315503.5,3995998.275937265
2002-05,Corn,Export,162780641.20000002,4134819.1825935487
2002-06,Corn,Export,169917920.2,4316114.439223377
2002-07,Corn,Export,173417267.2,4405001.956777591
2002-08,Corn,Export,168287709.4,4274705.173122568
2002-09,Corn,Export,120116951.2,3051111.4240310113
2002-10,Corn,Export,127811333.5,3246557.757807022
2002-11,Corn,Export,145497456.29999998,3695806.0177969523
2002-12,Corn,Export,161093467.20000002,4091962.9844108555
2003-01,Corn,Export,123334246.7,3132834.50271779
2003-02,Corn,Export,105761481.3,2686465.65362435
2003-03,Corn,Export,134548551.6,3417690.998417433
2003-04,Corn,Export,129021482.1,3277296.9514124882
2003-05,Corn,Export,129844117.19999999,3298192.847673123
2003-06,Corn,Export,144671355.1,3674822.0785315526
2003-07,Corn,Export,138813204.5,3526018.183321181
2003-08,Corn,Export,127373853.4,3235445.2502253596
2003-09,Corn,Export,143326933.6,3640672.1958015715
2003-10,Corn,Export,158272376.8,4020303.9799017212
2003-11,Corn,Export,167950326.8,4266135.259427246
2003-12,Corn,Export,192577581.70000002,4891696.414761612
2004-01,Corn,Export,162874549.6,4137204.566081807
2004-02,Corn,Export,150439660.4,3821343.7977585443
2004-03,Corn,Export,170807408.39999998,4338708.4826239785
2004-04,Corn,Export,136035865.4,3455470.5131400726
2004-05,Corn,Export,158050552.6,4014669.385084045
2004-06,Corn,Export,139246521.9,3537024.9534411626
2004-07,Corn,Export,167286465.1,4249272.393723353
2004-08,Corn,Export,152949145.1,3885087.652061442
2004-09,Corn,Export,165001517.2,4191232.037459251
2004-10,Corn,Export,155878091.79999998,3959486.333075816
2004-11,Corn,Export,178010539.0,4521676.4471192965
2004-12,Corn,Export,181472397.5,4609611.712809997
2005-01,Corn,Export,145589540.10000002,3698145.054305467
2005-02,Corn,Export,112145641.8,2848630.817157052
2005-03,Corn,Export,142027000.70000002,3607652.3756842613
2005-04,Corn,Export,141780326.70000002,3601386.566804728
2005-05,Corn,Export,144605709.20000002,3673154.5956872934
2005-06,Corn,Export,158345060.6,4022150.233659467
2005-07,Corn,Export,148366131.5,3768673.732029733
2005-08,Corn,Export,144833965.9,3678952.583548491
2005-09,Corn,Export,132196510.5,3357946.396191794
2005-10,Corn,Export,187728281.9,4768518.51297075
2005-11,Corn,Export,157404265.2,3998252.9272098853
2005-12,Corn,Export,177620499.4,4511768.983872057
2006-01,Corn,Export,160723876.6,4082574.9497445663
2006-02,Corn,Export,135898505.4,3451981.408055253
2006-03,Corn,Export,181612972.29999998,4613182.477584876
2006-04,Corn,Export,170101409.0,4320775.269924363
2006-05,Corn,Export,210661271.70000002,5351043.347866548
2006-06,Corn,Export,197477547.2,5016161.284749153
2006-07,Corn,Export,198379085.3,5039061.409740914
2006-08,Corn,Export,224007245.4,5690046.730936826
2006-09,Corn,Export,206327119.89999998,5240950.809400049
2006-10,Corn,Export,190896099.79999998,4848984.802594158
2006-11,Corn,Export,198715785.0,5047613.976975386
2006-12,Corn,Export,184715613.4,4691993.200054146
2007-01,Corn,Export,158875741.5,4035630.1508595725
2007-02,Corn,Export,169402249.29999998,4303015.793625799
2007-03,Corn,Export,169771346.1,4312391.285192998
2007-04,Corn,Export,160122422.7,4067297.315347549
2007-05,Corn,Export,165375726.7,4200737.397602216
2007-06,Corn,Export,170294037.9,4325668.269884126
2007-07,Corn,Export,165284834.20000002,4198428.621510764
2007-08,Corn,Export,185588457.4,4714164.461255763
2007-09,Corn,Export,215272887.0,5468183.784620043
2007-10,Corn,Export,222097704.39999998,5641542.150179904
2007-11,Corn,Export,255788575.9,6497329.79623873
2007-12,Corn,Export,202189985.1,5135862.733779327
2008-01,Corn,Export,226569600.89999998,5755133.565562367
2008-02,Corn,Export,213346179.6,5419243.157171741
2008-03,Corn,Export,215577375.70000002,5475918.154680031
2008-04,Corn,Export,195240821.7,4959345.833996424
2008-05,Corn,Export,172608848.6,4384467.176288931
2008-06,Corn,Export,178682621.4,4538748.128243769
2008-07,Corn,Export,163039807.8,4141402.318163404
2008-08,Corn,Export,176987605.1,4495692.726444253
2008-09,Corn,Export,166109666.3,4219380.324147864
2008-10,Corn,Export,138984827.4,3530377.606246789
2008-11,Corn,Export,143693577.2,3649985.373211854
2008-12,Corn,Export,128484047.1,3263645.4721517153
2009-01,Corn,Export,123283990.5,3131557.9363013394
2009-02,Corn,Export,119167041.2,3026982.5960525563
2009-03,Corn,Export,168590994.0,4282408.957630484
2009-04,Corn,Export,162519228.20000002,4128178.985829295
2009-05,Corn,Export,161883997.0,4112043.368400962
2009-06,Corn,Export,146794750.6,3728758.814379924
2009-07,Corn,Export,200672799.20000002,5097324.432685078
2009-08,Corn,Export,188762340.3,4794784.808991717
2009-09,Corn,Export,197299460.3,5011637.668643083
2009-10,Corn,Export,138305214.4,3513114.6390510313
2009-11,Corn,Export,131276524.10000001,3334577.662745343
2009-12,Corn,Export,134036326.10000001,3404679.8700203444
2010-01,Corn,Export,144773224.79999998,3677409.688376188
2010-02,Corn,Export,142701535.20000002,3624786.3430243605
2010-03,Corn,Export,190214909.3,4831681.765048435
2010-04,Corn,Export,163274064.9,4147352.7232213896
2010-05,Corn,Export,195164293.70000002,4957401.933050509
2010-06,Corn,Export,171704027.0,4361483.646546544
2010-07,Corn,Export,184580172.2,4688552.834739543
2010-08,Corn,Export,185696476.20000002,4716908.26545157
2010-09,Corn,Export,174703755.6,4437680.270828268
2010-10,Corn,Export,135770268.7,3448724.0454895096
2010-11,Corn,Export,141429573.1,3592477.0140289664
2010-12,Corn,Export,159734064.2,4057432.5540117687
2011-01,Corn,Export,112030398.3,2845703.4971086946
2011-02,Corn,Export,131116897.9,3330522.970068506
2011-03,Corn,Export,171935095.29999998,4367353.05234496
2011-04,Corn,Export,172302132.0,4376676.21495624
2011-05,Corn,Export,165938979.2,4215044.671639687
2011-06,Corn,Export,149879829.7,3807123.441453886
2011-07,Corn,Export,164788188.1,4185813.228143949
2011-08,Corn,Export,151295704.20000002,3843088.31417823
2011-09,Corn,Export,121735023.3,3092212.3529165247
2011-10,Corn,Export,125454937.69999999,3186702.5410945397
2011-11,Corn,Export,159011837.8,4039087.1564824255
2011-12,Corn,Export,172870830.79999998,4391121.831400696
2012-01,Corn,Export,139473764.20000002,3542797.174352753
2012-02,Corn,Export,131790208.1,3347625.838752843
2012-03,Corn,Export,133234288.80000001,3384307.182035162
2012-04,Corn,Export,135788336.29999998,3449182.9837177456
2012-05,Corn,Export,128901923.7,3274260.0278439615
2012-06,Corn,Export,115424090.4,2931907.256299294
2012-07,Corn,Export,95015676.5,2413509.609884145
2012-08,Corn,Export,80455631.89999999,2043667.4021886417
2012-09,Corn,Export,92054222.7,2338285.210408045
2012-10,Corn,Export,68618304.3,1742985.3992778189
2012-11,Corn,Export,60199939.5,1529149.0609730505
2012-12,Corn,Export,54285909.2,1378925.755851437
2013-01,Corn,Export,53633826.2,1362362.0829406613
2013-02,Corn,Export,53138751.900000006,1349786.6151371284
2013-03,Corn,Export,74115480.2,1882620.1137859405
2013-04,Corn,Export,56076916.9,1424419.451781987
2013-05,Corn,Export,55656701.699999996,1413745.4929072177
2013-06,Corn,Export,45862058.5,1164950.0692532442
2013-07,Corn,Export,59654693.2,1515299.1655318097
2013-08,Corn,Export,56791312.8,1442565.945428347
2013-09,Corn,Export,80918912.5,2055435.2727270673
2013-10,Corn,Export,130456195.2,3313740.3466692353
2013-11,Corn,Export,138882439.60000002,3527776.836054568
2013-12,Corn,Export,138192671.5,3510255.9174097218
2014-01,Corn,Export,116716490.39999999,2964735.731922622
2014-02,Corn,Export,134897160.20000002,3426546.0656777103
2014-03,Corn,Export,202023258.29999998,5131627.677535473
2014-04,Corn,Export,229902112.7,5839783.273385606
2014-05,Corn,Export,204318371.3,5189926.239260391
2014-06,Corn,Export,188817403.0,4796183.466144846
2014-07,Corn,Export,181424811.0,4608402.959904356
2014-08,Corn,Export,174233249.1,4425728.853955884
2014-09,Corn,Export,155755701.0,3956377.463225677
2014-10,Corn,Export,150085597.9,3812350.1950423694
2014-11,Corn,Export,95380922.5,2422787.2866154346
2014-12,Corn,Export,118175342.0,3001792.2733870707
2015-01,Corn,Export,127407460.30000001,3236298.9048968432
2015-02,Corn,Export,154494761.9,3924348.1313571758
2015-03,Corn,Export,157071654.2,3989804.217750313
2015-04,Corn,Export,191944237.3,4875608.724265967
2015-05,Corn,Export,190772117.39999998,4845835.504237518
2015-06,Corn,Export,167209041.0,4247305.730786562
2015-07,Corn,Export,200155349.0,5084180.590780879
2015-08,Corn,Export,158429663.6,4024299.249075097
2015-09,Corn,Export,132541103.5,3366699.462502897
2015-10,Corn,Export,93252253.2,2368716.590062373
2015-11,Corn,Export,75396792.4,1915166.9462863836
2015-12,Corn,Export,105247539.69999999,2673410.934274757
2016-01,Corn,Export,104995071.5,2666997.94592025
2016-02,Corn,Export,130983570.1,3327136.2875923277
2016-03,Corn,Export,175820636.3,4466050.350396602
2016-04,Corn,Export,197514789.9,5017107.293004412
2016-05,Corn,Export,189317189.7,4808878.634434705
2016-06,Corn,Export,239268682.5,6077705.130669341
2016-07,Corn,Export,226834286.4,5761856.887664348
2016-08,Corn,Export,227461894.9,5777798.879573388
2016-09,Corn,Export,243905581.4,6195487.800513419
2016-10,Corn,Export,144320492.20000002,3665909.749407613
2016-11,Corn,Export,159902685.8,4061715.7403976917
2016-12,Corn,Export,154272412.4,3918700.19330347
2017-01,Corn,Export,182802266.70000002,4643391.950054205
2017-02,Corn,Export,201551552.5,5119645.797036648
2017-03,Corn,Export,262699822.1,6672883.554675373
2017-04,Corn,Export,217174248.1,5516480.586324232
2017-05,Corn,Export,207493549.39999998,5270579.4865952525
2017-06,Corn,Export,194076207.4,4929763.265009942
2017-07,Corn,Export,187637624.7,4766215.713775238
2017-08,Corn,Export,139851509.7,3552392.3530424554
2017-09,Corn,Export,139509673.5,3543709.3126843073
2017-10,Corn,Export,104956795.19999999,2666025.683012867
2017-11,Corn,Export,104093969.6,2644108.9009200293
2017-12,Corn,Export,140580260.10000002,3570903.467822625
2018-01,Corn,Export,152012643.5,3861299.4131672857
2018-02,Corn,Export,153991693.0,3911569.5913382154
2018-03,Corn,Export,255030351.0,6478069.994593225
2018-04,Corn,Export,301372818.0,7655223.003131126
2018-05,Corn,Export,305687062.6,7764809.875372053
2018-06,Corn,Export,283010428.3,7188796.770809477
2018-07,Corn,Export,266653612.39999998,6773314.464984334
2018-08,Corn,Export,230214540.29999998,5847719.300815701
2018-09,Corn,Export,208468174.8,5295336.114717952
2018-10,Corn,Export,223106082.3,5667156.131384836
2018-11,Corn,Export,200513549.20000002,5093279.295929418
2018-12,Corn,Export,169724236.6,4311194.648646746
2019-01,Corn,Export,188555204.6,4789523.319299539
2019-02,Corn,Export,141421451.1,3592270.7057041344
2019-03,Corn,Export,183528660.29999998,4661843.199350507
2019-04,Corn,Export,215739830.0,5480044.684413438
2019-05,Corn,Export,186983394.9,4749597.509626868
2019-06,Corn,Export,117071517.30000001,2973753.8315297686
2019-07,Corn,Export,123105364.3,3127020.621342822
2019-08,Corn,Export,110124373.1,2797288.221794822
2019-09,Corn,Export,80869243.5,2054173.6218792375
2019-10,Corn,Export,90935730.0,2309874.184149286
2019-11,Corn,Export,99080977.8,2516773.0303642857
2019-12,Corn,Export,101514918.1,2578597.9683147543
2020-01,Corn,Export,97813695.30000001,2484582.5686967527
2020-02,Corn,Export,154167649.5,3916039.092785922
2020-03,Corn,Export,182034446.6,4623888.419076217
2020-04,Corn,Export,199073744.10000002,5056706.557901181
2020-05,Corn,Export,222604051.0,5654403.947622689
2020-06,Corn,Export,199369608.29999998,5064221.855547045
2020-07,Corn,Export,174270133.20000002,4426665.753350607
2020-08,Corn,Export,176742273.6,4489461.018639096
2020-09,Corn,Export,154078560.5,3913776.1277094698
2020-10,Corn,Export,145058896.79999998,3684666.0921894554
2020-11,Corn,Export,149712345.6,3802869.1489019324
2020-12,Corn,Export,187597303.4,4765191.5054696435
2021-01,Corn,Export,231671962.9,5884739.544004333
2021-02,Corn,Export,255211860.9,6482680.558913515
2021-03,Corn,Export,366824007.3,9317759.967269842
2021-04,Corn,Export,328095053.9,8333999.132691611
2021-05,Corn,Export,333877975.6,8480892.125619546
2021-06,Corn,Export,249486232.6,6337242.885534694
2021-07,Corn,Export,215616799.39999998,5476919.562892992
2021-08,Corn,Export,129706496.3,3294697.115422341
2021-09,Corn,Export,95720290.7,2431407.63687931
2021-10,Corn,Export,158905136.6,4036376.8208717937
2021-11,Corn,Export,176127754.5,4473851.512840258
2021-12,Corn,Export,185785440.6,4719168.065541901
2022-01,Corn,Export,226935371.9,5764424.577909335
2022-02,Corn,Export,251719272.8,6393964.7253455985
2022-03,Corn,Export,294076909.8,7469898.3787936615
2022-04,Corn,Export,275445126.8,6996629.240729102
2022-05,Corn,Export,284094745.40000004,7216339.696749826
2022-06,Corn,Export,216157922.7,5490664.729299109
2022-07,Corn,Export,176409717.20000002,4481013.696083555
2022-08,Corn,Export,131018043.69999999,3328011.957460208
2022-09,Corn,Export,99709491.8,2532738.023035224
2022-10,Corn,Export,86259890.0,2191102.364698201
2022-11,Corn,Export,96991926.5,2463708.677472045
2022-12,Corn,Export,144042910.8,3658858.8563223537
2023-01,Corn,Export,122747646.2,3117934.162099652
2023-02,Corn,Export,133310978.99999999,3386255.203051293
2023-03,Corn,Export,192674110.60000002,4894148.362022984
2023-04,Corn,Export,197998256.4,5029387.909075246
2023-05,Corn,Export,241188531.3,6126471.541634426
2023-06,Corn,Export,149620054.0,3800524.834029727
2023-07,Corn,Export,92098308.69999999,2339405.0465085786
2023-08,Corn,Export,105269304.69999999,2673963.7907990078
2023-09,Corn,Export,121755216.4,3092725.281337377
2023-10,Corn,Export,106586079.6,2707411.4174672686
2023-11,Corn,Export,140591485.79999998,3571188.6137672276
2023-12,Corn,Export,184379505.0,4683455.652533104
2024-01,Corn,Export,163333927.6,4148873.306003575
2024-02,Corn,Export,197314187.6,5012011.759334083
2024-03,Corn,Export,236240215.7,6000778.522405756
2024-04,Corn,Export,251956604.7,6399993.233929464
2024-05,Corn,Export,230869508.29999998,5864356.256109773
2024-06,Corn,Export,211152095.5,5363510.847985435
2024-07,Corn,Export,209808192.5,5329374.135763509
2024-08,Corn,Export,200832575.7,5101382.943158175
2024-09,Corn,Export,170772083.60000002,4337811.19127788
2024-10,Corn,Export,158405322.1,4023680.946429333
2024-11,Corn,Export,190086264.3,4828414.0311838705
2024-12,Corn,Export,214291425.2,5443253.503920161
2025-01,Corn,Export,245619628.9,6239026.617111204
2025-02,Corn,Export,233731844.1,5937062.942148213
2025-03,Corn,Export,302984201.0,7696154.021032197
2025-04,Corn,Export,304621720.7,7737748.9417643
2025-05,Corn,Export,285064830.29999995,7240980.990847789
2025-06,Corn,Export,274281809.7,6967079.622143871
2025-07,Corn,Export,240181145.1,6100882.750772482
2025-08,Corn,Export,252494817.5,6413664.470222379
2025-09,Corn,Export,277641153.79999995,7052410.901853884
2025-10,Corn,Export,250828801.0,6371345.69735151
2025-11,Corn,Export,298854607.9,7591257.513435777
2025-12,Corn,Export,276552081.9,7024747.198417486
2026-01,Corn,Export,260575734.39999998,6618929.236135245
2026-02,Corn,Export,267291291.8,6789512.269563721
2026-03,Corn,Export,316572391.9,8041310.005035429
2026-04,Corn,Export,296397066.2,7528833.072247474
2026-05,Corn,Export,285513208.0,7252370.310249286
2026-06,Corn,Export,312156427.90000004,7929139.340746128
2026-07,Corn,Export,294518286.5,7481109.864584944
1989-01,Corn,Import,307023.1791,7798.748801362594
1989-02,Corn,Import,178259.5935,4528.002723490489
1989-03,Corn,Import,420380.8661,10678.166987989292
1989-04,Corn,Import,633060.3961,16080.476463527715
1989-05,Corn,Import,162021.0171,4115.523839627173
1989-06,Corn,Import,33363.3321,847.4677611868203
1989-07,Corn,Import,223459.108,5676.123398165134
1989-08,Corn,Import,93469.4377,2374.2333310589793
1989-09,Corn,Import,38078.0343,967.2267260923843
1989-10,Corn,Import,307119.2376,7801.188799912318
1989-11,Corn,Import,297019.3524,7544.6398714949455
1989-12,Corn,Import,98066.9013,2491.0142980364926
1990-01,Corn,Import,247828.1335,6295.125223908718
1990-02,Corn,Import,92761.6359,2356.2543352856524
1990-03,Corn,Import,182221.6929,4628.644694683698
1990-04,Corn,Import,162070.3455,4116.776838835574
1990-05,Corn,Import,275031.673,6986.127029343561
1990-06,Corn,Import,33491.3576,850.7197590248848
1990-07,Corn,Import,135597.2052,3444.328029634482
1990-08,Corn,Import,32720.2911,831.1337656797788
1990-09,Corn,Import,29118.2537,739.6377915384791
1990-10,Corn,Import,172220.2283,4374.595764926132
1990-11,Corn,Import,683772.568,17368.625100965943
1990-12,Corn,Import,90488.5525,2298.515351235288
1991-01,Corn,Import,100811.4982,2560.7302779401693
1991-02,Corn,Import,83750.9127,2127.3713989503417
1991-03,Corn,Import,80936.7915,2055.8894202941283
1991-04,Corn,Import,214594.6773,5450.956462889963
1991-05,Corn,Import,487547.9035,12384.288506077393
1991-06,Corn,Import,155046.3804,3938.3598881512225
1991-07,Corn,Import,423344.7048,10753.451966722214
1991-08,Corn,Import,893815.7244,22703.96759533632
1991-09,Corn,Import,1100354.0437,27950.28311717413
1991-10,Corn,Import,2251766.5029,57197.509865273285
1991-11,Corn,Import,3128935.3235,79478.62658193258
1991-12,Corn,Import,1420520.746,36082.89282148925
1992-01,Corn,Import,1404407.4,35673.59493664613
1992-02,Corn,Import,1579933.4984,40132.16367897224
1992-03,Corn,Import,1962894.961,49859.83393557866
1992-04,Corn,Import,2193890.963,55727.40328001013
1992-05,Corn,Import,1247070.9685,31677.06506496618
1992-06,Corn,Import,1380816.7636,35074.36510687501
1992-07,Corn,Import,1390021.3754,35308.17304102736
1992-08,Corn,Import,576112.0966,14633.922871817926
1992-09,Corn,Import,221471.1295,5625.626412922988
1992-10,Corn,Import,296504.2976,7531.5568755598815
1992-11,Corn,Import,739777.8011,18791.223700162907
1992-12,Corn,Import,541980.4931,13766.940116103868
1993-01,Corn,Import,241470.5942,6133.63627007523
1993-02,Corn,Import,255908.4668,6500.375165697185
1993-03,Corn,Import,629207.3468,15982.604492759741
1993-04,Corn,Import,555198.7374,14102.699022623323
1993-05,Corn,Import,814925.4127,20700.06116190998
1993-06,Corn,Import,691647.2416,17568.651045193168
1993-07,Corn,Import,978610.132,24857.844988474
1993-08,Corn,Import,1124328.8355,28559.27094461197
1993-09,Corn,Import,626776.5935,15920.860508346728
1993-10,Corn,Import,1022454.8276,25971.55167426542
1993-11,Corn,Import,3559779.7587,90422.58049589863
1993-12,Corn,Import,3358366.8313,85306.45593897041
1994-01,Corn,Import,1942516.5769,49342.19908130006
1994-02,Corn,Import,2652843.5807,67385.33799250395
1994-03,Corn,Import,3127232.4498,79435.37159295853
1994-04,Corn,Import,1745742.7647,44343.91349083502
1994-05,Corn,Import,1401305.8118,35594.81095907161
1994-06,Corn,Import,639209.953,16236.682420496081
1994-07,Corn,Import,363591.3387,9235.64639381472
1994-08,Corn,Import,375230.3256,9531.290310347436
1994-09,Corn,Import,232308.9332,5900.919336612143
1994-10,Corn,Import,628234.7148,15957.898499334739
1994-11,Corn,Import,1199480.3052,30468.206406623514
1994-12,Corn,Import,1346024.1278,34190.59135553515
1995-01,Corn,Import,1216977.7601,30912.662280698827
1995-02,Corn,Import,1176476.1769,29883.874570402175
1995-03,Corn,Import,1342250.4842,34094.736382667834
1995-04,Corn,Import,1135247.8558,28836.626865185455
1995-05,Corn,Import,525646.1732,13352.029235060234
1995-06,Corn,Import,336585.6247,8549.669588073797
1995-07,Corn,Import,183054.8432,4649.807689355717
1995-08,Corn,Import,234511.1537,5956.858319900167
1995-09,Corn,Import,318102.0345,8080.164720917899
1995-10,Corn,Import,1323426.8311,33616.59351905337
1995-11,Corn,Import,2006344.9112,50963.513625284264
1995-12,Corn,Import,1801397.4629,45757.608092492694
1996-01,Corn,Import,1492328.001,37906.881308293334
1996-02,Corn,Import,1668393.8775,42379.16104736802
1996-03,Corn,Import,2270362.2533,57669.86373304169
1996-04,Corn,Import,1548219.5779,39326.592906723396
1996-05,Corn,Import,1202936.7588,30556.00438151578
1996-06,Corn,Import,962926.6086,24459.46510173244
1996-07,Corn,Import,855008.2751,21718.212872844375
1996-08,Corn,Import,1036852.6234,26337.272572168516
1996-09,Corn,Import,1404494.4039,35675.804937737346
1996-10,Corn,Import,643995.3212,16358.236384673079
1996-11,Corn,Import,1389335.3836,35290.74804483106
1996-12,Corn,Import,776086.0751,19713.49643920199
1997-01,Corn,Import,607482.8047,15430.775646614728
1997-02,Corn,Import,966254.7217,24544.003077417234
1997-03,Corn,Import,1288351.9249,32725.64976852937
1997-04,Corn,Import,1532430.272,38925.52602042858
1997-05,Corn,Import,897883.3701,22807.29056632578
1997-06,Corn,Import,1434668.9471,36442.27372130764
1997-07,Corn,Import,1135098.5321,28832.83386809056
1997-08,Corn,Import,1185388.5582,30110.259507149975
1997-09,Corn,Import,1372285.2701,34857.655166921955
1997-10,Corn,Import,247052.3822,6275.420231149654
1997-11,Corn,Import,585542.9971,14873.47880432356
1997-12,Corn,Import,315008.7924,8001.592744071023
1998-01,Corn,Import,361385.1814,9179.60741118993
1998-02,Corn,Import,309371.6526,7858.4027823644365
1998-03,Corn,Import,915226.2653,23247.820442765842
1998-04,Corn,Import,2074719.5697,52700.310135513784
1998-05,Corn,Import,616565.4143,15661.484581812656
1998-06,Corn,Import,669443.3124,17004.64520452132
1998-07,Corn,Import,805504.2755,20460.753228673966
1998-08,Corn,Import,537609.2001,13655.904147601143
1998-09,Corn,Import,502847.7834,12772.92339801255
1998-10,Corn,Import,1175554.9205,29860.473577466368
1998-11,Corn,Import,2346203.3366,59596.3161892169
1998-12,Corn,Import,1527655.3757,38804.23805479219
1999-01,Corn,Import,2021877.8511,51358.068514533545
1999-02,Corn,Import,2166682.66,55036.28047608904
1999-03,Corn,Import,3939874.2678,100077.42677147134
1999-04,Corn,Import,2555018.558,64900.46769456334
1999-05,Corn,Import,740066.6459,18798.56069681698
1999-06,Corn,Import,542148.9105,13771.218115570322
1999-07,Corn,Import,588706.3935,14953.832782661786
1999-08,Corn,Import,699152.7197,17759.29899075745
1999-09,Corn,Import,568403.0059,14438.10292743308
1999-10,Corn,Import,1488966.976,37821.507331752095
1999-11,Corn,Import,1489762.8839,37841.72432578921
1999-12,Corn,Import,1270553.3423,32273.54489773558
2000-01,Corn,Import,705851.8967,17929.4659428163
2000-02,Corn,Import,1426171.1922,36226.42078136052
2000-03,Corn,Import,2142018.727,54409.78765400153
2000-04,Corn,Import,2297015.8183,58346.89554121043
2000-05,Corn,Import,1076936.1551,27355.441284107812
2000-06,Corn,Import,1064311.8203,27034.768375377902
2000-07,Corn,Import,898978.9885,22835.120558539395
2000-08,Corn,Import,315387.4756,8011.211741440386
2000-09,Corn,Import,270812.7351,6878.961059050706
2000-10,Corn,Import,408803.6086,10384.091070607878
2000-11,Corn,Import,612021.7671,15546.070614506714
2000-12,Corn,Import,315679.6667,8018.633738038732
2001-01,Corn,Import,366906.5391,9319.856371776534
2001-02,Corn,Import,228358.5261,5800.574363550728
2001-03,Corn,Import,1265321.3412,32140.64593412325
2001-04,Corn,Import,1402981.7182,35637.380947000565
2001-05,Corn,Import,454429.7963,11543.049744930717
2001-06,Corn,Import,479413.8719,12177.674564495856
2001-07,Corn,Import,401524.0255,10199.181122955184
2001-08,Corn,Import,617251.4061,15678.909578008963
2001-09,Corn,Import,483158.8554,12272.801537212905
2001-10,Corn,Import,1195423.0133,30365.14643429616
2001-11,Corn,Import,769935.4159,19557.262482520935
2001-12,Corn,Import,562556.2303,14289.5879705624
2002-01,Corn,Import,628529.3861,15965.383495921667
2002-02,Corn,Import,492956.0775,12521.662467951206
2002-03,Corn,Import,1203647.1982,30574.050375422274
2002-04,Corn,Import,2095199.9175,53220.53498734725
2002-05,Corn,Import,853662.9046,21684.03888440148
2002-06,Corn,Import,809785.179,20569.493197875116
2002-07,Corn,Import,767033.5035,19483.550504430226
2002-08,Corn,Import,277842.7629,7057.532009424907
2002-09,Corn,Import,332933.7471,8456.907614403899
2002-10,Corn,Import,1166455.0676,29629.326642226875
2002-11,Corn,Import,1929424.8622,49009.654175004405
2002-12,Corn,Import,1211048.4292,30762.05032239389
2003-01,Corn,Import,1302290.8444,33079.71467027905
2003-02,Corn,Import,1546755.5121,39289.40391846415
2003-03,Corn,Import,1937232.5311,49207.978121273874
2003-04,Corn,Import,2566144.6159,65183.08261297396
2003-05,Corn,Import,648430.0365,16470.883353972407
2003-06,Corn,Import,515361.5722,13090.78830870295
2003-07,Corn,Import,587564.5961,14924.829789693138
2003-08,Corn,Import,702911.364,17854.77296381479
2003-09,Corn,Import,611716.7025,15538.321615911356
2003-10,Corn,Import,820035.6084,20829.866125518685
2003-11,Corn,Import,1029686.8539,26155.253623427307
2003-12,Corn,Import,982981.0313,24968.870956535025
2004-01,Corn,Import,1496462.1396,38011.89327692035
2004-02,Corn,Import,1043521.6049,26506.6725231165
2004-03,Corn,Import,1857318.5267,47178.06869276263
2004-04,Corn,Import,2144053.475,54461.472639391206
2004-05,Corn,Import,1121250.947,28481.088967210566
2004-06,Corn,Import,1217543.1669,30927.02427648269
2004-07,Corn,Import,909628.5726,23105.632483659658
2004-08,Corn,Import,842168.5173,21392.06796728361
2004-09,Corn,Import,531880.5292,13510.389188614203
2004-10,Corn,Import,398816.671,10130.411143686415
2004-11,Corn,Import,704035.4063,17883.32495642168
2004-12,Corn,Import,523417.9302,13295.429249755105
2005-01,Corn,Import,612739.2928,15564.296608743454
2005-02,Corn,Import,567987.3953,14427.545930798216
2005-03,Corn,Import,1385918.0621,35203.94407116978
2005-04,Corn,Import,1713392.1022,43522.1687250661
2005-05,Corn,Import,906990.3093,23038.617501895522
2005-06,Corn,Import,826287.2471,20988.66507992042
2005-07,Corn,Import,829283.0134,21064.761057135474
2005-08,Corn,Import,1829007.7158,46458.940895248474
2005-09,Corn,Import,762969.5584,19380.321533020528
2005-10,Corn,Import,732066.7813,18595.354754375767
2005-11,Corn,Import,618499.419,15710.61056923865
2005-12,Corn,Import,468532.527,11901.275643265064
2006-01,Corn,Import,359743.9584,9137.918422294895
2006-02,Corn,Import,406887.0441,10335.408084714358
2006-03,Corn,Import,2137589.0508,54297.26868375165
2006-04,Corn,Import,1581165.4491,40163.45667148547
2006-05,Corn,Import,418245.4141,10623.924002902024
2006-06,Corn,Import,694386.5631,17638.23302375028
2006-07,Corn,Import,328591.5079,8346.609646493145
2006-08,Corn,Import,297237.6887,7550.185869562292
2006-09,Corn,Import,242138.5947,6150.604266152776
2006-10,Corn,Import,479572.9197,12181.71456513439
2006-11,Corn,Import,431151.3894,10951.750910617377
2006-12,Corn,Import,523613.9054,13300.40724965914
2007-01,Corn,Import,552213.0493,14026.859043507175
2007-02,Corn,Import,608527.2444,15457.305639830052
2007-03,Corn,Import,2246949.9157,57075.16290188514
2007-04,Corn,Import,2607438.9969,66232.00831712045
2007-05,Corn,Import,621346.2552,15782.923547260398
2007-06,Corn,Import,1137884.2294,28903.593846353506
2007-07,Corn,Import,1785952.5111,45365.28820416882
2007-08,Corn,Import,745906.2959,18946.894655091328
2007-09,Corn,Import,854255.5542,21699.092879253523
2007-10,Corn,Import,595563.2009,15128.00373173696
2007-11,Corn,Import,734654.0627,18661.07473609241
2007-12,Corn,Import,659014.3874,16739.73827931239
2008-01,Corn,Import,923664.4166,23462.159381374637
2008-02,Corn,Import,1235796.7678,31390.687145705535
2008-03,Corn,Import,3873305.7853,98386.50924978055
2008-04,Corn,Import,3445289.8801,87514.4033148882
2008-05,Corn,Import,2392927.0324,60783.152856349436
2008-06,Corn,Import,2447809.5617,62177.2334624092
2008-07,Corn,Import,1937858.8799,49223.88811532564
2008-08,Corn,Import,920361.6567,23378.26540670205
2008-09,Corn,Import,574782.119,14600.139881086592
2008-10,Corn,Import,796720.2347,20237.62829113364
2008-11,Corn,Import,1443349.2919,36662.764658841596
2008-12,Corn,Import,1240994.4004,31522.713109113236
2009-01,Corn,Import,1632505.4658,41467.55330312985
2009-02,Corn,Import,1234189.0866,31349.85015786564
2009-03,Corn,Import,2614112.3877,66401.5202694593
2009-04,Corn,Import,1832404.8021,46545.23087109952
2009-05,Corn,Import,674288.1267,17127.709169351943
2009-06,Corn,Import,672875.0033,17091.81417779387
2009-07,Corn,Import,486482.5593,12357.227514046943
2009-08,Corn,Import,327059.6105,8307.697656046426
2009-09,Corn,Import,297375.0839,7553.675868768392
2009-10,Corn,Import,272270.5808,6915.992049475516
2009-11,Corn,Import,409889.1094,10411.664063916376
2009-12,Corn,Import,399056.9354,10136.514141209283
2010-01,Corn,Import,469986.5933,11938.210632497696
2010-02,Corn,Import,449679.7413,11422.392777446217
2010-03,Corn,Import,983023.5097,24969.949957710298
2010-04,Corn,Import,1550930.8299,39395.46188706284
2010-05,Corn,Import,597806.6794,15184.990716609067
2010-06,Corn,Import,851723.4671,21634.774897484338
2010-07,Corn,Import,854372.7535,21702.069878915485
2010-08,Corn,Import,1207095.3058,30661.636352127018
2010-09,Corn,Import,1270195.4455,32264.453899302844
2010-10,Corn,Import,1277993.8628,32462.54284408278
2010-11,Corn,Import,2773221.8078,70443.08613079845
2010-12,Corn,Import,2692871.367,68402.0907059095
2011-01,Corn,Import,2725590.792,69233.20247163359
2011-02,Corn,Import,3045325.4278,77354.8371801557
2011-03,Corn,Import,3969135.2708,100820.69056263477
2011-04,Corn,Import,4640221.8139,117867.07575398561
2011-05,Corn,Import,1774745.0789,45080.60628310893
2011-06,Corn,Import,1831862.7407,46531.461875853274
2011-07,Corn,Import,485347.0609,12328.384523065259
2011-08,Corn,Import,1182791.1198,30044.28152572201
2011-09,Corn,Import,546166.3617,13873.266087395694
2011-10,Corn,Import,1210312.6366,30743.360327475195
2011-11,Corn,Import,2298258.6346,58378.46453270597
2011-12,Corn,Import,1480516.0694,37606.844393564905
2012-01,Corn,Import,1083297.6706,27517.03123808427
2012-02,Corn,Import,1370472.2441,34811.6021803501
2012-03,Corn,Import,3771520.6709,95801.04797858118
2012-04,Corn,Import,3827947.5379,97234.35657329664
2012-05,Corn,Import,3074380.5742,78092.87197226698
2012-06,Corn,Import,3449120.6077,87611.70828829907
2012-07,Corn,Import,2850022.9646,72393.92557977105
2012-08,Corn,Import,4411165.6824,112048.78139517907
2012-09,Corn,Import,1290139.3222,32771.051756065935
2012-10,Corn,Import,13061540.2318,331778.4394171806
2012-11,Corn,Import,20433652.7812,519038.74359576957
2012-12,Corn,Import,14540927.5347,369356.6118179185
2013-01,Corn,Import,15565384.7889,395379.0274761096
2013-02,Corn,Import,15320820.6377,389166.81123035826
2013-03,Corn,Import,10118164.8713,257013.25350532788
2013-04,Corn,Import,16221982.8318,412057.3877714265
2013-05,Corn,Import,13839327.6452,351535.1518443961
2013-06,Corn,Import,17995530.5255,457107.57906625787
2013-07,Corn,Import,10641360.5677,270303.03775594494
2013-08,Corn,Import,10916812.3787,277299.83678319276
2013-09,Corn,Import,9268895.3453,235440.81158956935
2013-10,Corn,Import,2175358.2413,55256.65041513673
2013-11,Corn,Import,3080605.3244,78250.98792723603
2013-12,Corn,Import,1669636.7725,42410.73203793584
2014-01,Corn,Import,2694673.7636,68447.87369325606
2014-02,Corn,Import,2202701.2231,55951.19421851836
2014-03,Corn,Import,3253884.7949,82652.48968623667
2014-04,Corn,Import,3226323.5161,81952.40088305381
2014-05,Corn,Import,2103256.1968,53425.17392932711
2014-06,Corn,Import,2005508.3359,50942.26363159568
2014-07,Corn,Import,2309328.5535,58659.65345468126
2014-08,Corn,Import,1803609.3287,45813.79207771195
2014-09,Corn,Import,2109979.6247,53595.95688268548
2014-10,Corn,Import,1407729.5686,35757.98191505969
2014-11,Corn,Import,1486009.4362,37746.382352466026
2014-12,Corn,Import,1906381.4051,48424.32334114139
2015-01,Corn,Import,1755233.938,44585.00042314377
2015-02,Corn,Import,2267145.0799,57588.14375583809
2015-03,Corn,Import,3319481.2754,84318.7172172413
2015-04,Corn,Import,3106361.6083,78905.22774320528
2015-05,Corn,Import,3536605.5202,89833.92766110566
2015-06,Corn,Import,3538993.362,89894.58164309549
2015-07,Corn,Import,2823191.8094,71712.38277225873
2015-08,Corn,Import,4388819.9881,111481.17455471643
2015-09,Corn,Import,2297333.5201,58354.96553950569
2015-10,Corn,Import,2286549.7691,58081.045617785225
2015-11,Corn,Import,8304384.2828,210941.09950065613
2015-12,Corn,Import,7412402.5283,188283.716891513
2016-01,Corn,Import,6060346.9484,153939.91957943334
2016-02,Corn,Import,4224179.5258,107299.11373513349
2016-03,Corn,Import,8120205.3974,206262.73982123364
2016-04,Corn,Import,6923004.9469,175852.44439762132
2016-05,Corn,Import,5584067.2222,141841.8559911928
2016-06,Corn,Import,6645783.3363,168810.69038505413
2016-07,Corn,Import,3439999.7715,87380.02835263203
2016-08,Corn,Import,6266688.2689,159181.2311007267
2016-09,Corn,Import,4890470.5436,124223.6869600559
2016-10,Corn,Import,2697418.3605,68517.58967315973
2016-11,Corn,Import,6682974.1677,169755.38111704594
2016-12,Corn,Import,2608947.8245,66270.33430759276
2017-01,Corn,Import,6202464.7955,157549.879560215
2017-02,Corn,Import,2978341.0197,75653.35466046062
2017-03,Corn,Import,5357049.7755,136075.34661711275
2017-04,Corn,Import,5841234.3707,148374.2031481512
2017-05,Corn,Import,6147267.9501,156147.81495661044
2017-06,Corn,Import,5228986.1968,132822.38153541271
2017-07,Corn,Import,4637715.1193,117803.40277149472
2017-08,Corn,Import,3795246.8128,96403.71980696231
2017-09,Corn,Import,4965305.6107,126124.58542497578
2017-10,Corn,Import,3640844.9694,92481.7319144725
2017-11,Corn,Import,2185275.8908,55508.57034306267
2017-12,Corn,Import,1865224.9311,47378.9006365212
2018-01,Corn,Import,3969261.6035,100823.89956136767
2018-02,Corn,Import,2529353.3329,64248.54087890055
2018-03,Corn,Import,2384377.4295,60565.98291639912
2018-04,Corn,Import,3443346.8601,87465.04832826978
2018-05,Corn,Import,1758664.448,44672.13940017146
2018-06,Corn,Import,2283323.7772,57999.10164034
2018-07,Corn,Import,2970337.2183,75450.04871868264
2018-08,Corn,Import,4017484.6784,102048.82221599206
2018-09,Corn,Import,1937821.9131,49222.949115253934
2018-10,Corn,Import,3166404.6853,80430.39231272254
2018-11,Corn,Import,1058502.8775,26887.214415994502
2018-12,Corn,Import,3136653.154,79674.66852748676
2019-01,Corn,Import,4220155.5395,107196.89976410428
2019-02,Corn,Import,1345427.8169,34175.44435936944
2019-03,Corn,Import,2677507.6319,68011.83381701008
2019-04,Corn,Import,1737264.7334,44128.56155345815
2019-05,Corn,Import,1938429.4046,49238.38011177137
2019-06,Corn,Import,887934.8165,22554.585638018005
2019-07,Corn,Import,1039424.5905,26402.603552705772
2019-08,Corn,Import,4813718.1641,122274.08651170539
2019-09,Corn,Import,5477933.4122,139145.93275195116
2019-10,Corn,Import,6107888.7163,155147.5362372754
2019-11,Corn,Import,6363478.8909,161639.82640782493
2019-12,Corn,Import,4588606.4163,116555.98412453651
2020-01,Corn,Import,1920210.5659,48775.600243194844
2020-02,Corn,Import,2411587.1104,61257.140720596115
2020-03,Corn,Import,3055163.5141,77604.73610949625
2020-04,Corn,Import,3992870.7824,101423.60039238393
2020-05,Corn,Import,2417356.4094,61403.687680968425
2020-06,Corn,Import,1078702.0179,27400.296270090435
2020-07,Corn,Import,1747041.9957,44376.9154818692
2020-08,Corn,Import,2723661.3934,69184.19348454927
2020-09,Corn,Import,1352101.9557,34344.97531178549
2020-10,Corn,Import,3174541.1971,80637.06925429267
2020-11,Corn,Import,1222856.739,31061.995239154963
2020-12,Corn,Import,2090408.2897,53098.8220219895
2021-01,Corn,Import,2440388.7253,61988.73551528594
2021-02,Corn,Import,907267.3437,23045.6545005393
2021-03,Corn,Import,2368509.9776,60162.93103006093
2021-04,Corn,Import,2779988.4226,70614.96608206295
2021-05,Corn,Import,1911523.7253,48554.94430472313
2021-06,Corn,Import,1558802.2359,39595.40483041808
2021-07,Corn,Import,2265259.7738,57540.25476996193
2021-08,Corn,Import,2161122.997,54895.05851596104
2021-09,Corn,Import,1864981.5566,47372.71863881106
2021-10,Corn,Import,2414375.8785,61327.97870078024
2021-11,Corn,Import,2401196.0183,60993.19479541459
2021-12,Corn,Import,2458023.4179,62436.677387882635
2022-01,Corn,Import,979008.6174,24867.966984945797
2022-02,Corn,Import,3660519.9216,92981.49877356246
2022-03,Corn,Import,953873.0921,24229.495165392567
2022-04,Corn,Import,1436692.3964,36493.6717064671
2022-05,Corn,Import,2263149.3206,57486.64678371126
2022-06,Corn,Import,1486832.272,37767.28334674202
2022-07,Corn,Import,1782907.1407,45287.93222464204
2022-08,Corn,Import,2525928.1376,64161.536901485524
2022-09,Corn,Import,1540907.7522,39140.86395921916
2022-10,Corn,Import,1458986.9907,37059.98054700373
2022-11,Corn,Import,2866003.1278,72799.84046530804
2022-12,Corn,Import,2798767.2353,71091.96994693218
2023-01,Corn,Import,2123498.1306,53939.34278596771
2023-02,Corn,Import,1312719.1788,33344.60659355536
2023-03,Corn,Import,2656112.4446,67468.37096902603
2023-04,Corn,Import,1837289.4965,46669.30783723833
2023-05,Corn,Import,5206887.1446,132261.03969353222
2023-06,Corn,Import,8198876.1524,208261.06925700145
2023-07,Corn,Import,5329326.024,135371.13081681487
2023-08,Corn,Import,3350108.6322,85096.68799727515
2023-09,Corn,Import,3065305.9957,77862.36703642727
2023-10,Corn,Import,3642585.2822,92525.93790049214
2023-11,Corn,Import,2474406.8695,62852.836271724
2023-12,Corn,Import,1592809.5539,40459.230588680046
2024-01,Corn,Import,2621359.1377,66585.59621786796
2024-02,Corn,Import,1711841.7805,43482.788735792834
2024-03,Corn,Import,1568432.4185,39840.02276196582
2024-04,Corn,Import,2312858.232,58749.31142790583
2024-05,Corn,Import,3591742.7227,91234.47726510576
2024-06,Corn,Import,1622988.5063,41225.81137110111
2024-07,Corn,Import,1796980.5421,45645.41312436133
2024-08,Corn,Import,2411353.6961,61251.211723646484
2024-09,Corn,Import,2465832.2284,62635.03033213089
2024-10,Corn,Import,996928.0213,25323.14085844914
2024-11,Corn,Import,2228356.4487,56602.86703515452
2024-12,Corn,Import,1289694.8153,32759.760759523797
2025-01,Corn,Import,2096738.5862,53259.61897675481
2025-02,Corn,Import,1281420.5934,32549.58581991829
2025-03,Corn,Import,1140701.6576,28975.1598266879
2025-04,Corn,Import,3092709.0535,78558.43684066122
2025-05,Corn,Import,1578270.4655,40089.9206930403
2025-06,Corn,Import,1287513.1844,32704.34477622161
2025-07,Corn,Import,1554445.9422,39484.74986172534
2025-08,Corn,Import,2648274.0292,67269.26602559953
2025-09,Corn,Import,1279056.8449,32489.543836003148
2025-10,Corn,Import,2444445.0329,62091.77048523898
2025-11,Corn,Import,2591215.538,65819.91343548572
2025-12,Corn,Import,2453307.0228,62316.87542133177
2026-01,Corn,Import,1765211.6242,44838.44535365593
2026-02,Corn,Import,2764588.823,70223.7981928045
2026-03,Corn,Import,3327109.1494,84512.47416220169
2026-04,Corn,Import,3687093.5691,93656.50058351035
2026-05,Corn,Import,2258306.7503,57363.63981911221
2026-06,Corn,Import,1907421.1993,48450.735333208846
2026-07,Corn,Import,3657317.7081,92900.15879536264
