period,year,month,month_name,beginning_stock,cpo_production,palm_oil_import,cpo_import,ppo_import,total_supply,palm_oil_export,domestic_disappearance,total_use,palm_oil_stock,stock_to_use_pct,days_of_supply,palm_kernel_production,palm_kernel_oil_production,palm_kernel_cake_production,palm_kernel_stock,palm_kernel_oil_stock,palm_kernel_cake_stock,palm_kernel_oil_export,palm_kernel_cake_export,oleochemical_export,biodiesel_export,palm_kernel_oil_import,ffb_price_1pct_oer,ffb_yield_malaysia,ffb_yield_peninsular,ffb_yield_sabah_sarawak,oer_malaysia,oer_peninsular,oer_sabah,oer_sarawak,cpo_yield_malaysia,cpo_yield_peninsular,reporting_estates_count,reporting_mills_count,cpo_prod_mom_pct,cpo_prod_yoy_pct,po_stock_mom_pct,po_stock_yoy_pct,po_export_mom_pct,po_export_yoy_pct,ffb_yield_mom_pct,ffb_yield_yoy_pct
2005-01,2005,1,January,1489141.0,1153175.0,0.0,0.0,,2642316.0,1002798.0,125502.0,1128300.0,1514016.0,134.19,40.8,313611.0,151412.0,174404.0,,,,,,,,,,1.5,1.43,1.6,19.87,19.04,20.96,21.52,0.2981,0.2723,2581,382,,,,,,,,
2005-02,2005,2,February,1514016.0,1048181.0,0.0,0.0,,2562197.0,935040.0,90250.0,1025290.0,1536907.0,149.9,45.6,288320.0,130944.0,150233.0,,,,,,,,,,1.31,1.25,1.39,20.55,19.7,21.67,22.2,0.2692,0.2462,2611,384,-9.1,,1.51,,-6.76,,-12.67,
2005-03,2005,3,March,1536907.0,1215904.0,0.0,0.0,,2752811.0,1192606.0,122712.0,1315318.0,1437493.0,109.29,33.2,335843.0,161231.0,182884.0,,,,,,,,,,1.52,1.5,1.54,20.19,19.29,21.57,21.79,0.3069,0.2893,2611,384,16.0,,-6.47,,27.55,,16.03,
2005-04,2005,4,April,1437493.0,1246938.0,0.0,0.0,,2684431.0,1085766.0,109837.0,1195603.0,1488828.0,124.53,37.9,337706.0,151231.0,170707.0,,,,,,,,,,1.56,1.51,1.63,20.08,18.89,21.71,22.44,0.3132,0.2852,2628,383,2.55,,3.57,,-8.96,,2.63,
2005-05,2005,5,May,1488828.0,1299467.0,0.0,0.0,,2788295.0,1329137.0,163849.0,1492986.0,1295309.0,86.76,26.4,340267.0,163504.0,185741.0,,,,,,,,,,1.61,1.63,1.57,20.08,19.15,21.5,22.24,0.3233,0.3121,2634,384,4.21,,-13.0,,22.41,,3.21,
2005-06,2005,6,June,1295309.0,1206718.0,0.0,0.0,,2502027.0,1170210.0,145073.0,1315283.0,1186744.0,90.23,27.4,302852.0,154592.0,175778.0,,,,,,,,,,1.5,1.56,1.42,19.96,19.3,21.16,21.09,0.2994,0.3011,2648,385,-7.14,,-8.38,,-11.96,,-6.83,
2005-07,2005,7,July,1186744.0,1292189.0,0.0,0.0,,2478933.0,1090181.0,113918.0,1204099.0,1274834.0,105.87,32.2,348822.0,159165.0,180234.0,,,,,,,,,,1.62,1.67,1.56,19.68,18.81,21.19,21.2,0.3188,0.3141,2637,389,7.08,,7.42,,-6.84,,8.0,
2005-08,2005,8,August,1274834.0,1365816.0,0.0,0.0,,2640650.0,1178907.0,109412.0,1288319.0,1352331.0,104.97,31.9,366079.0,165944.0,190073.0,,,,,,,,,,1.7,1.62,1.8,20.41,19.51,21.72,21.64,0.347,0.3161,2677,388,5.7,,6.08,,8.14,,4.94,
2005-09,2005,9,September,1352331.0,1431654.0,0.0,0.0,,2783985.0,1197024.0,150526.0,1347550.0,1436435.0,106.6,32.4,378501.0,164879.0,186674.0,,,,,,,,,,1.82,1.64,2.04,20.42,19.62,21.44,21.48,0.3716,0.3218,2700,387,4.82,,6.22,,1.54,,7.06,
2005-10,2005,10,October,1436435.0,1400713.0,0.0,0.0,,2837148.0,1220557.0,119919.0,1340476.0,1496672.0,111.65,33.9,364528.0,162297.0,183366.0,,,,,,,,,,1.75,1.47,2.12,20.34,19.47,21.32,21.29,0.3559,0.2862,2683,391,-2.16,,4.19,,1.97,,-3.85,
2005-11,2005,11,November,1496672.0,1226121.0,0.0,0.0,,2722793.0,1019618.0,101996.0,1121614.0,1601179.0,142.76,43.4,313371.0,138576.0,157223.0,,,,,,,,,,1.61,1.3,2.0,20.22,19.35,21.02,21.3,0.3255,0.2515,2704,391,-12.46,,6.98,,-16.46,,-8.0,
2005-12,2005,12,December,1601179.0,1074778.0,0.0,0.0,,2675957.0,1023669.0,48487.0,1072156.0,1603801.0,149.59,45.5,274131.0,138853.0,158559.0,,,,,,,,,,1.4,1.06,1.85,20.05,19.04,20.95,21.07,0.2807,0.2018,2707,392,-12.34,,0.16,,0.4,,-13.04,
2006-01,2006,1,January,1603801.0,936593.0,0.0,0.0,,2540394.0,973298.0,25289.0,998587.0,1541807.0,154.4,46.9,249144.0,117195.0,133043.0,,,,,,,,,,1.23,1.01,1.49,19.48,18.6,20.37,20.73,0.2396,0.1879,2793,392,-12.86,-18.78,-3.87,1.84,-4.92,-2.94,-12.14,-18.0
2006-02,2006,2,February,1541807.0,1051904.0,0.0,0.0,,2593711.0,938666.0,7246.0,945912.0,1647799.0,174.2,53.0,292288.0,126449.0,143870.0,,,,,,,,,,1.34,1.27,1.42,19.22,18.7,19.65,21.23,0.2575,0.2375,2804,393,12.31,0.36,6.87,7.22,-3.56,0.39,8.94,2.29
2006-03,2006,3,March,1647799.0,1243204.0,0.0,0.0,,2891003.0,1184145.0,118126.0,1302271.0,1588732.0,122.0,37.1,337895.0,160275.0,181885.0,,,,,,,,,,1.51,1.45,1.59,19.93,19.18,20.82,21.98,0.3009,0.2781,2826,396,18.19,2.25,-3.58,10.52,26.15,-0.71,12.69,-0.66
2006-04,2006,4,April,1588732.0,1310806.0,0.0,0.0,,2899538.0,1238338.0,141923.0,1380261.0,1519277.0,110.07,33.5,351915.0,161026.0,181396.0,,,,,,,,,,1.61,1.62,1.59,19.74,18.77,21.31,21.5,0.3178,0.3041,2840,392,5.44,5.12,-4.37,2.05,4.58,14.05,6.62,3.21
2006-05,2006,5,May,1519277.0,1391347.0,0.0,0.0,,2910624.0,1171616.0,164211.0,1335827.0,1574797.0,117.89,35.8,364115.0,171690.0,193545.0,,,,,,,,,,1.7,1.71,1.68,19.79,18.86,21.26,21.57,0.3364,0.3225,2845,392,6.14,7.07,3.65,21.58,-5.39,-11.85,5.59,5.59
2006-06,2006,6,June,1574797.0,1328397.0,0.0,0.0,,2903194.0,1101411.0,153855.0,1255266.0,1647928.0,131.28,39.9,341021.0,167953.0,188052.0,,,,,,,,,,1.64,1.67,1.61,19.64,18.78,21.0,21.32,0.3221,0.3136,2868,392,-4.52,10.08,4.64,38.86,-5.99,-5.88,-3.53,9.33
2006-07,2006,7,July,1647928.0,1375061.0,0.0,0.0,,3022989.0,1237780.0,203836.0,1441616.0,1581373.0,109.69,33.3,347005.0,182923.0,206452.0,,,,,,,,,,1.67,1.71,1.61,20.05,19.45,20.99,21.36,0.3348,0.3326,2855,393,3.51,6.41,-4.04,24.05,12.38,13.54,1.83,3.09
2006-08,2006,8,August,1581373.0,1537236.0,0.0,0.0,,3118609.0,1305532.0,128571.0,1434103.0,1684506.0,117.46,35.7,398874.0,180415.0,200940.0,,,,,,,,,,1.87,1.89,1.85,20.24,19.52,21.37,21.55,0.3785,0.3689,2883,394,11.79,12.55,6.52,24.56,5.47,10.74,11.98,10.0
2006-09,2006,9,September,1684506.0,1610040.0,0.0,0.0,,3294546.0,1309689.0,185301.0,1494990.0,1799556.0,120.37,36.6,412034.0,183175.0,205603.0,,,,,,,,,,1.97,1.87,2.1,20.38,19.67,21.38,21.3,0.4015,0.3678,2863,395,4.74,12.46,6.83,25.28,0.32,9.41,5.35,8.24
2006-10,2006,10,October,1799556.0,1400136.0,0.0,0.0,,3199692.0,1432450.0,173393.0,1605843.0,1593849.0,99.25,30.2,349303.0,169543.0,189918.0,,,,,,,,,,1.7,1.49,1.97,20.74,20.03,21.5,21.8,0.3526,0.2984,2907,396,-13.04,-0.04,-11.43,6.49,9.37,17.36,-13.71,-2.86
2006-11,2006,11,November,1593849.0,1551684.0,0.0,0.0,,3145533.0,1312903.0,157898.0,1470801.0,1674732.0,113.87,34.6,387471.0,179876.0,201655.0,,,,,,,,,,1.9,1.74,2.09,20.61,19.66,21.79,21.85,0.3916,0.3421,2914,397,10.82,26.55,5.07,4.59,-8.35,28.76,11.76,18.01
2006-12,2006,12,December,1674732.0,1144378.0,0.0,0.0,,2819110.0,1217341.0,95183.0,1312524.0,1506586.0,114.79,34.9,294059.0,155114.0,173866.0,,,,,,,,,,1.43,1.23,1.7,20.16,19.1,21.3,21.51,0.2883,0.2349,2917,395,-26.25,6.48,-10.04,-6.06,-7.28,18.92,-24.74,2.14
2007-01,2007,1,January,1506586.0,1115340.0,0.0,0.0,,2621926.0,960348.0,187005.0,1147353.0,1474573.0,128.52,39.1,303897.0,138673.0,158246.0,,,,,,,,,,1.45,1.26,1.67,19.23,18.51,19.85,20.9,0.2788,0.2332,2997,397,-2.54,19.08,-2.12,-4.36,-21.11,-1.33,1.4,17.89
2007-02,2007,2,February,1474573.0,989681.0,0.0,0.0,,2464254.0,812409.0,157468.0,969877.0,1494377.0,154.08,46.8,264694.0,125073.0,141601.0,,,,,,,,,,1.25,1.09,1.43,19.98,19.13,21.09,20.5,0.2497,0.2085,2999,397,-11.27,-5.92,1.34,-9.31,-15.4,-13.45,-13.79,-6.72
2007-03,2007,3,March,1494377.0,1081230.0,0.0,0.0,,2575607.0,1058033.0,180065.0,1238098.0,1337509.0,108.03,32.8,289093.0,153641.0,173214.0,,,,,,,,,,1.3,1.23,1.38,20.23,19.24,21.7,21.25,0.263,0.2367,3003,398,9.25,-13.03,-10.5,-15.81,30.23,-10.65,4.0,-13.91
2007-04,2007,4,April,1337509.0,1125726.0,0.0,0.0,,2463235.0,1122963.0,150243.0,1273206.0,1190029.0,93.47,28.4,295490.0,140710.0,158383.0,,,,,,,,,,1.35,1.26,1.46,20.36,19.28,21.86,21.57,0.2749,0.2429,3047,398,4.12,-14.12,-11.03,-21.67,6.14,-9.32,3.85,-16.15
2007-05,2007,5,May,1190029.0,1201255.0,0.0,0.0,,2391284.0,1156439.0,117242.0,1273681.0,1117603.0,87.75,26.7,312533.0,152566.0,172785.0,,,,,,,,,,1.43,1.3,1.58,20.31,19.44,21.38,21.62,0.2904,0.2527,3062,399,6.71,-13.66,-6.09,-29.03,2.98,-1.3,5.93,-15.88
2007-06,2007,6,June,1117603.0,1166184.0,0.0,0.0,,2283787.0,948012.0,135765.0,1083777.0,1200010.0,110.72,33.7,289445.0,137983.0,157872.0,,,,,,,,,,1.39,1.28,1.51,20.07,19.27,21.27,20.73,0.279,0.2467,3144,398,-2.92,-12.21,7.37,-27.18,-18.02,-13.93,-2.8,-15.24
2007-07,2007,7,July,1200010.0,1356956.0,0.0,0.0,,2556966.0,1110846.0,138788.0,1249634.0,1307332.0,104.62,31.8,341616.0,144119.0,163798.0,,,,,,,,,,1.62,1.58,1.67,19.86,19.21,20.85,20.77,0.3217,0.3035,3164,399,16.36,-1.32,8.94,-17.33,17.18,-10.25,16.55,-2.99
2007-08,2007,8,August,1307332.0,1559362.0,0.0,0.0,,2866694.0,1241257.0,173340.0,1414597.0,1452097.0,102.65,31.2,398284.0,178710.0,200398.0,,,,,,,,,,1.83,1.74,1.94,20.28,19.4,21.64,21.18,0.3711,0.3376,3174,400,14.92,1.44,11.07,-13.8,11.74,-4.92,12.96,-2.14
2007-09,2007,9,September,1452097.0,1602065.0,0.0,0.0,,3054162.0,1395025.0,197607.0,1592632.0,1461530.0,91.77,27.9,411031.0,186850.0,209469.0,,,,,,,,,,1.89,1.73,2.07,20.46,19.61,21.68,21.16,0.3867,0.3393,3189,400,2.74,-0.5,0.65,-18.78,12.39,6.52,3.28,-4.06
2007-10,2007,10,October,1461530.0,1579809.0,0.0,0.0,,3041339.0,1335010.0,148004.0,1483014.0,1558325.0,105.08,31.9,402846.0,172921.0,193957.0,,,,,,,,,,1.85,1.73,1.98,20.53,19.77,21.66,21.26,0.3798,0.342,3203,403,-1.39,12.83,6.62,-2.23,-4.3,-6.8,-2.12,8.82
2007-11,2007,11,November,1558325.0,1650004.0,0.0,0.0,,3208329.0,1241449.0,156345.0,1397794.0,1810535.0,129.53,39.4,424008.0,192160.0,216741.0,,,,,,,,,,1.95,1.84,2.08,20.23,19.55,21.2,20.9,0.3945,0.3597,3215,406,4.44,6.34,16.18,8.11,-7.01,-5.44,5.41,2.63
2007-12,2007,12,December,1810535.0,1396134.0,0.0,0.0,,3206669.0,1365031.0,159371.0,1524402.0,1682267.0,110.36,33.5,364052.0,184207.0,206024.0,,,,,,,,,,1.68,1.52,1.87,19.81,19.02,20.85,20.59,0.3328,0.2891,3230,406,-15.39,22.0,-7.08,11.66,9.95,12.13,-13.85,17.48
2008-01,2008,1,January,1682267.0,1424245.0,52868.0,41680.0,11188.0,3159380.0,1040983.0,245617.0,1286600.0,1872780.0,145.56,44.3,372866.0,182223.0,204303.0,145561.0,277421.0,273904.0,74981.0,202919.0,154948.0,3800.0,,34.99,1.68,1.56,1.81,20.0,19.4,20.79,20.86,0.336,0.3026,3248,405,2.01,27.7,11.32,27.0,-23.74,8.4,0.0,15.86
2008-02,2008,2,February,1872780.0,1227969.0,28789.0,21516.0,7273.0,3129538.0,1065151.0,136838.0,1201989.0,1927549.0,160.36,48.8,323544.0,147831.0,165637.0,147440.0,314048.0,289583.0,75036.0,158461.0,177980.0,2502.0,,38.1,1.42,1.43,1.42,20.16,19.78,20.74,20.7,0.2863,0.2829,3259,407,-13.78,24.08,2.92,28.99,2.32,31.11,-15.48,13.6
2008-03,2008,3,March,1927549.0,1294710.0,75201.0,69797.0,5404.0,3297460.0,1244033.0,228974.0,1473007.0,1824453.0,123.86,37.7,352694.0,164710.0,184435.0,147858.0,321837.0,254052.0,78436.0,178208.0,193013.0,5490.0,,39.82,1.51,1.58,1.44,19.59,19.06,20.44,20.64,0.2958,0.3011,3273,404,5.44,19.74,-5.35,36.41,16.79,17.58,6.34,16.15
2008-04,2008,4,April,1824453.0,1327591.0,79772.0,65599.0,14173.0,3231816.0,1259884.0,182133.0,1442017.0,1789799.0,124.12,37.7,346186.0,167518.0,183085.0,132810.0,285581.0,249744.0,101434.0,193188.0,177977.0,25159.0,,36.94,1.52,1.5,1.55,20.21,19.45,21.3,21.39,0.3072,0.2918,3289,402,2.54,17.93,-1.9,50.4,1.27,12.19,0.66,12.59
2008-05,2008,5,May,1789799.0,1457878.0,22321.0,15721.0,6599.0,3269998.0,1200490.0,156148.0,1356638.0,1913360.0,141.04,42.9,365214.0,170905.0,188220.0,123357.0,276425.0,225975.0,81822.0,246302.0,177150.0,5276.0,,37.92,1.62,1.57,1.68,20.54,19.94,21.29,21.77,0.3327,0.3131,3309,398,9.81,21.36,6.9,71.2,-4.71,3.81,6.58,13.29
2008-06,2008,6,June,1913360.0,1468921.0,28076.0,20267.0,7810.0,3410357.0,1120654.0,255789.0,1376443.0,2033914.0,147.77,44.9,364460.0,172880.0,189313.0,116286.0,284898.0,232745.0,77381.0,155918.0,189109.0,10148.0,,38.78,1.65,1.59,1.71,20.19,19.64,20.96,20.99,0.3331,0.3123,3316,398,0.76,25.96,6.3,69.49,-6.65,18.21,1.85,18.71
2008-07,2008,7,July,2033914.0,1560215.0,20468.0,9096.0,11372.0,3614597.0,1403570.0,233630.0,1637200.0,1977397.0,120.78,36.7,402267.0,167672.0,185967.0,156523.0,273375.0,244069.0,76223.0,151251.0,183625.0,37874.0,,36.03,1.78,1.77,1.79,19.91,19.23,21.05,20.66,0.3544,0.3404,3298,396,6.22,14.98,-2.78,51.25,25.25,26.35,7.88,9.88
2008-08,2008,8,August,1977397.0,1600214.0,18389.0,12606.0,5783.0,3596000.0,1467817.0,279395.0,1747212.0,1848788.0,105.81,32.2,405663.0,189113.0,209752.0,155856.0,299650.0,252454.0,93826.0,204472.0,171123.0,11586.0,,27.89,1.79,1.75,1.83,20.39,19.82,21.3,21.09,0.365,0.3469,3315,402,2.56,2.62,-6.5,27.32,4.58,18.25,0.56,-2.19
2008-09,2008,9,September,1848788.0,1579442.0,29604.0,20202.0,9402.0,3457834.0,1296746.0,209689.0,1506435.0,1951399.0,129.54,39.4,402830.0,188986.0,207812.0,156993.0,302918.0,223128.0,90005.0,228302.0,172055.0,26693.0,,24.58,1.76,1.65,1.89,20.33,19.75,21.06,21.19,0.3578,0.3259,3329,404,-1.3,-1.41,5.55,33.52,-11.65,-7.04,-1.68,-6.88
2008-10,2008,10,October,1951399.0,1652071.0,33634.0,31434.0,2200.0,3637104.0,1335577.0,210120.0,1545697.0,2091407.0,135.31,41.1,425221.0,179263.0,198209.0,187121.0,326179.0,282948.0,94029.0,121514.0,184892.0,15278.0,,17.89,1.9,1.79,2.02,20.35,19.63,21.38,21.02,0.3866,0.3514,3349,406,4.6,4.57,7.17,34.21,2.99,0.04,7.95,2.7
2008-11,2008,11,November,2091407.0,1658417.0,93630.0,86239.0,7391.0,3843454.0,1362886.0,214412.0,1577298.0,2266156.0,143.67,43.7,430753.0,201509.0,224022.0,178928.0,365381.0,331428.0,82369.0,181405.0,150570.0,18116.0,,14.15,1.87,1.81,1.92,20.38,19.87,21.07,21.21,0.3811,0.3596,3374,408,0.38,0.51,8.36,25.16,2.04,9.78,-1.58,-4.1
2008-12,2008,12,December,2266156.0,1482769.0,78282.0,77589.0,694.0,3827207.0,1614720.0,217777.0,1832497.0,1994710.0,108.85,33.1,385802.0,198789.0,217977.0,142098.0,349171.0,302278.0,121875.0,239327.0,143455.0,20186.0,,14.83,1.68,1.63,1.72,20.38,19.77,21.3,20.98,0.3424,0.3223,3382,407,-10.59,6.21,-11.98,18.57,18.48,18.29,-10.16,0.0
2009-01,2009,1,January,1994710.0,1330195.0,31355.0,28889.0,2467.0,3356260.0,1355460.0,167893.0,1523353.0,1832907.0,120.32,36.6,353352.0,165300.0,183050.0,138903.0,357555.0,252479.0,88417.0,230694.0,162662.0,12732.0,,17.9,1.52,1.45,1.6,20.15,19.82,20.69,20.2,0.3063,0.2874,3461,407,-10.29,-6.6,-8.11,-2.13,-16.06,30.21,-9.52,-9.52
2009-02,2009,2,February,1832907.0,1187381.0,27423.0,18840.0,8584.0,3047711.0,1258535.0,223584.0,1482119.0,1565592.0,105.63,32.1,318601.0,160284.0,176073.0,114566.0,334211.0,223633.0,94430.0,203075.0,174829.0,16330.0,,18.58,1.3,1.31,1.28,20.31,20.11,20.65,20.51,0.264,0.2634,3478,409,-10.74,-3.31,-14.58,-18.78,-7.15,18.16,-14.47,-8.45
2009-03,2009,3,March,1565592.0,1275822.0,15693.0,3671.0,12022.0,2857107.0,1260805.0,230687.0,1491492.0,1365615.0,91.56,27.8,345485.0,161305.0,178153.0,109166.0,309624.0,210747.0,105068.0,181031.0,166531.0,19888.0,,19.96,1.42,1.45,1.39,20.13,19.46,21.22,20.95,0.2858,0.2822,3485,410,7.45,-1.46,-12.77,-25.15,0.18,1.35,9.23,-5.96
2009-04,2009,4,April,1365615.0,1281852.0,42579.0,32984.0,9595.0,2690046.0,1193533.0,204311.0,1397844.0,1292202.0,92.44,28.1,335918.0,159450.0,175726.0,103698.0,302250.0,268593.0,79080.0,142349.0,190908.0,16688.0,,24.27,1.39,1.43,1.34,20.46,19.79,21.5,21.53,0.2844,0.283,3514,411,0.47,-3.45,-5.38,-27.8,-5.34,-5.27,-2.11,-8.55
2009-05,2009,5,May,1292202.0,1395275.0,114681.0,90765.0,23916.0,2802158.0,1229000.0,202120.0,1431120.0,1371038.0,95.8,29.1,351527.0,162809.0,180371.0,104954.0,269518.0,279152.0,105605.0,175192.0,174296.0,31737.0,,28.12,1.48,1.53,1.42,20.72,20.08,21.67,21.9,0.3067,0.3072,3512,408,8.85,-4.29,6.1,-28.34,2.97,2.37,6.47,-8.64
2009-06,2009,6,June,1371038.0,1447926.0,87078.0,82581.0,4497.0,2906042.0,1279720.0,216100.0,1495820.0,1410222.0,94.28,28.7,353704.0,162723.0,179846.0,106945.0,268468.0,229189.0,82956.0,216700.0,171577.0,16959.0,,24.98,1.52,1.61,1.42,20.83,20.2,21.95,21.69,0.3166,0.3252,3527,408,3.77,-1.43,2.86,-30.66,4.13,14.19,2.7,-7.88
2009-07,2009,7,July,1410222.0,1492958.0,98138.0,87201.0,10937.0,3001318.0,1458649.0,209927.0,1668576.0,1332742.0,79.87,24.3,382008.0,178424.0,197324.0,105637.0,265929.0,243714.0,80071.0,200876.0,186624.0,31950.0,,21.21,1.6,1.79,1.4,20.34,19.85,21.39,20.86,0.3254,0.3553,3553,407,3.11,-4.31,-5.49,-32.6,13.98,3.92,5.26,-10.11
2009-08,2009,8,August,1332742.0,1496073.0,97796.0,84870.0,12926.0,2926611.0,1317679.0,192483.0,1510162.0,1416449.0,93.79,28.5,373113.0,176377.0,195033.0,102402.0,267988.0,321854.0,74727.0,154293.0,183041.0,21561.0,,24.47,1.63,1.7,1.55,20.67,20.09,21.72,21.22,0.3369,0.3415,3563,410,0.21,-6.51,6.28,-23.38,-9.66,-10.23,1.87,-8.94
2009-09,2009,9,September,1416449.0,1557764.0,118328.0,109949.0,8378.0,3092541.0,1323019.0,190223.0,1513242.0,1579299.0,104.37,31.7,385747.0,158237.0,174137.0,143106.0,233734.0,331057.0,98260.0,183856.0,185234.0,22765.0,,22.61,1.74,1.74,1.75,20.56,19.89,21.57,21.26,0.3577,0.3461,3581,410,4.12,-1.37,11.5,-19.07,0.41,2.03,6.75,-1.14
2009-10,2009,10,October,1579299.0,1984037.0,75486.0,73290.0,2196.0,3638822.0,1478485.0,185811.0,1664296.0,1974526.0,118.64,36.1,500455.0,211703.0,233117.0,186192.0,261215.0,333620.0,94269.0,193097.0,189083.0,9798.0,,21.75,2.14,2.11,2.18,20.73,20.16,21.46,21.59,0.4436,0.4254,3575,411,27.36,20.09,25.03,-5.59,11.75,10.7,22.99,12.63
2009-11,2009,11,November,1974526.0,1595592.0,56384.0,47372.0,9012.0,3626502.0,1501506.0,190383.0,1691889.0,1934613.0,114.35,34.8,408959.0,206946.0,226365.0,148459.0,279483.0,344311.0,110009.0,208737.0,192148.0,16922.0,,22.29,1.77,1.69,1.86,20.45,19.8,21.23,21.32,0.362,0.3346,3570,411,-19.58,-3.79,-2.02,-14.63,1.56,10.17,-17.29,-5.35
2009-12,2009,12,December,1934613.0,1520063.0,165237.0,153797.0,11441.0,3619913.0,1224353.0,156303.0,1380656.0,2239257.0,162.19,49.3,391814.0,193501.0,213027.0,129249.0,305912.0,320008.0,104585.0,291671.0,197719.0,10126.0,,25.23,1.69,1.55,1.85,20.44,19.81,21.23,21.01,0.3454,0.3071,3618,410,-4.73,2.52,15.75,12.26,-18.46,-24.18,-4.52,0.6
2010-01,2010,1,January,2239257.0,1321244.0,155803.0,139378.0,16425.0,3716304.0,1461796.0,250502.0,1712298.0,2004006.0,117.04,35.6,343160.0,172758.0,190587.0,98104.0,282874.0,288497.0,103145.0,249979.0,186880.0,7500.0,33422.0,26.53,1.44,1.32,1.56,20.49,20.01,20.97,21.24,0.2951,0.2641,3655,411,-13.08,-0.67,-10.51,9.33,19.39,7.85,-14.79,-5.26
2010-02,2010,2,February,2004006.0,1156814.0,64091.0,50469.0,13621.0,3224911.0,1295438.0,139231.0,1434669.0,1790242.0,124.78,37.9,297040.0,134181.0,149823.0,105740.0,252313.0,197821.0,97710.0,225916.0,161532.0,17546.0,27670.0,26.11,1.22,1.19,1.24,20.91,20.34,21.76,21.41,0.2551,0.242,3660,410,-12.45,-2.57,-10.67,14.35,-11.38,2.93,-15.28,-6.15
2010-03,2010,3,March,1790242.0,1387234.0,50138.0,35404.0,14734.0,3227614.0,1396988.0,173067.0,1570055.0,1657559.0,105.57,32.1,364782.0,170369.0,189371.0,106684.0,232683.0,204945.0,92886.0,223107.0,193035.0,12640.0,23848.0,27.6,1.44,1.45,1.42,20.74,19.86,22.12,21.69,0.2987,0.288,3680,409,19.92,8.73,-7.41,21.38,7.84,10.8,18.03,1.41
2010-04,2010,4,April,1657559.0,1306228.0,110456.0,105331.0,5125.0,3074243.0,1295161.0,156479.0,1451640.0,1622603.0,111.78,34.0,333996.0,160377.0,179896.0,99885.0,253956.0,203387.0,87790.0,146894.0,178056.0,17070.0,41398.0,26.8,1.38,1.36,1.4,20.46,19.63,21.57,21.61,0.2823,0.267,3702,411,-5.84,1.9,-2.11,25.57,-7.29,8.51,-4.17,-0.72
2010-05,2010,5,May,1622603.0,1385854.0,114397.0,110621.0,3776.0,3122854.0,1372737.0,186379.0,1559116.0,1563738.0,100.3,30.5,339117.0,157982.0,174870.0,99503.0,206608.0,190044.0,112480.0,182618.0,179765.0,9688.0,34054.0,26.73,1.44,1.44,1.44,20.44,19.81,21.29,21.5,0.2943,0.2853,3716,410,6.1,-0.68,-3.63,14.06,5.99,11.7,4.35,-2.7
2010-06,2010,6,June,1563738.0,1419856.0,61028.0,60331.0,697.0,3044622.0,1443750.0,146355.0,1590105.0,1454517.0,91.47,27.8,336748.0,152295.0,168884.0,106519.0,218284.0,214441.0,60227.0,178298.0,192597.0,2518.0,44373.0,26.68,1.49,1.58,1.4,20.19,19.59,21.27,20.86,0.3008,0.3095,3743,415,2.45,-1.94,-6.98,3.14,5.17,12.82,3.47,-1.97
2010-07,2010,7,July,1454517.0,1518896.0,100521.0,89548.0,10973.0,3073934.0,1459881.0,204801.0,1664682.0,1409252.0,84.66,25.7,388932.0,178844.0,197432.0,112234.0,203113.0,194578.0,97521.0,183279.0,191512.0,137.0,36771.0,26.16,1.64,1.73,1.56,19.79,19.45,20.52,19.87,0.3246,0.3365,3744,417,6.98,1.74,-3.11,5.74,1.12,0.08,10.07,2.5
2010-08,2010,8,August,1409252.0,1606420.0,85139.0,82178.0,2961.0,3100811.0,1211340.0,179736.0,1391076.0,1709735.0,122.91,37.4,418644.0,190674.0,211682.0,123448.0,259375.0,276660.0,80759.0,129257.0,183680.0,9018.0,44352.0,29.13,1.71,1.71,1.71,20.48,20.01,21.29,20.74,0.3502,0.3422,3742,417,5.76,7.38,21.32,20.71,-17.02,-8.07,4.27,4.91
2010-09,2010,9,September,1709735.0,1562912.0,85526.0,85526.0,0.0,3358173.0,1468840.0,175407.0,1644247.0,1713926.0,104.24,31.7,395455.0,167121.0,184964.0,156305.0,247207.0,226248.0,114503.0,252749.0,171950.0,10011.0,36156.0,29.38,1.66,1.65,1.68,20.56,20.09,21.4,20.73,0.3413,0.3315,3763,417,-2.71,0.33,0.25,8.52,21.26,11.02,-2.92,-4.6
2010-10,2010,10,October,1713926.0,1636486.0,72406.0,63974.0,8431.0,3422818.0,1460663.0,166119.0,1626782.0,1796036.0,110.4,33.6,407378.0,206933.0,229573.0,118804.0,278977.0,232290.0,88668.0,259630.0,178204.0,0.0,30878.0,31.44,1.72,1.69,1.75,20.71,20.32,21.49,20.62,0.3562,0.3434,3799,418,4.71,-17.52,4.79,-9.04,-0.56,-1.21,3.61,-19.63
2010-11,2010,11,November,1796036.0,1459021.0,91394.0,75510.0,15884.0,3346451.0,1506266.0,203021.0,1709287.0,1637164.0,95.78,29.1,363692.0,170428.0,191632.0,115127.0,265591.0,246623.0,121058.0,198330.0,199128.0,3482.0,47517.0,36.25,1.55,1.54,1.56,20.48,20.04,21.29,20.52,0.3174,0.3086,3801,418,-10.84,-8.56,-8.85,-15.38,3.12,0.32,-9.88,-12.43
2010-12,2010,12,December,1637164.0,1232752.0,121272.0,106112.0,15160.0,2991188.0,1291207.0,83744.0,1374951.0,1616237.0,117.55,35.7,303132.0,152981.0,173563.0,92934.0,241228.0,169397.0,106839.0,213326.0,187310.0,0.0,44627.0,40.98,1.34,1.25,1.43,20.28,19.83,21.01,20.37,0.2718,0.2479,3810,418,-15.51,-18.9,-1.28,-27.82,-14.28,5.46,-13.55,-20.71
2011-01,2011,1,January,1616237.0,1057917.0,164938.0,158349.0,6589.0,2839092.0,1222067.0,198569.0,1420636.0,1418456.0,99.85,30.4,266473.0,126848.0,141493.0,88023.0,226489.0,209216.0,64251.0,171749.0,142696.0,0.0,45063.0,43.5,1.15,1.07,1.22,19.7,19.28,20.25,20.12,0.2265,0.2063,3840,420,-14.18,-19.93,-12.24,-29.22,-5.35,-16.4,-14.18,-20.14
2011-02,2011,2,February,1418456.0,1094308.0,189411.0,187417.0,1995.0,2702175.0,1114593.0,106413.0,1221006.0,1481169.0,121.31,36.9,279218.0,117843.0,132773.0,107973.0,258819.0,205724.0,76437.0,91250.0,159528.0,14.0,56197.0,44.2,1.2,1.14,1.25,19.62,19.55,19.42,20.34,0.2354,0.2229,3865,420,3.44,-5.4,4.42,-17.26,-8.79,-13.96,4.35,-1.64
2011-03,2011,3,March,1481169.0,1416370.0,133505.0,132029.0,1476.0,3031044.0,1235261.0,181598.0,1416859.0,1614185.0,113.93,34.6,368419.0,161657.0,180819.0,126879.0,248495.0,266268.0,94687.0,98622.0,159366.0,75.0,13434.0,39.5,1.51,1.49,1.53,19.67,19.36,19.87,20.57,0.297,0.2885,3889,421,29.43,2.1,8.98,-2.62,10.83,-11.58,25.83,4.86
2011-04,2011,4,April,1614185.0,1529951.0,63391.0,59900.0,3492.0,3207527.0,1349739.0,186996.0,1536735.0,1670792.0,108.72,33.1,387505.0,173189.0,192145.0,144995.0,239354.0,276869.0,97649.0,135207.0,171019.0,75.0,6604.0,38.02,1.6,1.54,1.65,20.31,20.2,20.21,20.94,0.325,0.3111,3901,422,8.02,17.13,3.51,2.97,9.27,4.21,5.96,15.94
2011-05,2011,5,May,1670792.0,1741796.0,105976.0,91541.0,14435.0,3518564.0,1411314.0,184595.0,1595909.0,1922655.0,120.47,36.6,431727.0,192642.0,213550.0,158693.0,249153.0,353587.0,84099.0,174457.0,184653.0,54.0,21925.0,37.8,1.78,1.75,1.81,20.56,20.35,20.7,21.08,0.366,0.3561,3903,425,13.85,25.68,15.07,22.95,4.56,2.81,11.25,23.61
2011-06,2011,6,June,1922655.0,1753137.0,109568.0,88340.0,21228.0,3785360.0,1585039.0,145613.0,1730652.0,2054708.0,118.72,36.1,422025.0,194323.0,215529.0,157059.0,270391.0,345854.0,90272.0,225649.0,169839.0,5706.0,10459.0,36.65,1.79,1.72,1.86,20.52,20.33,20.78,20.66,0.3673,0.3497,3927,424,0.65,23.47,6.87,41.26,12.31,9.79,0.56,20.13
2011-07,2011,7,July,2054708.0,1751188.0,109958.0,97114.0,12845.0,3915854.0,1735891.0,171259.0,1907150.0,2008704.0,105.32,32.0,425007.0,202907.0,226051.0,140526.0,264049.0,362124.0,106931.0,191981.0,185387.0,224.0,14790.0,33.33,1.79,1.76,1.83,20.59,20.31,21.08,20.6,0.3686,0.3575,3937,424,-0.11,15.29,-2.24,42.54,9.52,18.91,0.0,9.15
2011-08,2011,8,August,2008704.0,1667146.0,73768.0,63860.0,9909.0,3749618.0,1693110.0,156695.0,1849805.0,1899813.0,102.7,31.2,409222.0,187017.0,208397.0,146009.0,275444.0,339535.0,116527.0,224326.0,195643.0,14007.0,53203.0,33.77,1.69,1.67,1.71,20.6,20.28,21.26,20.55,0.3481,0.3387,3927,423,-4.8,3.78,-5.42,11.12,-2.46,39.77,-5.59,-1.17
2011-09,2011,9,September,1899813.0,1869070.0,74746.0,69857.0,4888.0,3843629.0,1546196.0,134141.0,1680337.0,2163292.0,128.74,39.1,458186.0,185690.0,207183.0,184365.0,321853.0,325282.0,93049.0,207368.0,196220.0,2960.0,50931.0,32.93,1.96,2.01,1.91,20.54,20.14,21.33,20.55,0.4026,0.4048,3938,420,12.11,19.59,13.87,26.22,-8.68,5.27,15.98,18.07
2011-10,2011,10,October,2163292.0,1908564.0,45478.0,40225.0,5253.0,4117334.0,1843602.0,141975.0,1985577.0,2131757.0,107.36,32.6,472717.0,213131.0,236942.0,188234.0,327125.0,368973.0,117694.0,200665.0,206169.0,14068.0,24713.0,29.67,1.95,1.97,1.94,20.67,20.37,21.34,20.54,0.4031,0.4013,3759,422,2.11,16.63,-1.46,18.69,19.23,26.22,-0.51,13.37
2011-11,2011,11,November,2131757.0,1627699.0,88265.0,87198.0,1067.0,3847721.0,1665591.0,85247.0,1750838.0,2096883.0,119.76,36.4,403669.0,199639.0,221838.0,154106.0,358107.0,336125.0,108063.0,277490.0,202137.0,12411.0,53896.0,32.82,1.68,1.65,1.7,20.59,20.32,21.06,20.63,0.3459,0.3353,3962,421,-14.72,11.56,-1.64,28.08,-9.66,10.58,-13.85,8.39
2011-12,2011,12,December,2096883.0,1494374.0,146672.0,126778.0,19893.0,3737929.0,1590863.0,89770.0,1680633.0,2057296.0,122.41,37.2,382435.0,189812.0,210336.0,125327.0,374233.0,302304.0,126543.0,228647.0,208690.0,405.0,37302.0,33.18,1.59,1.48,1.69,20.25,19.89,20.84,20.27,0.322,0.2944,3971,423,-8.19,21.22,-1.89,27.29,-4.49,23.21,-5.36,18.66
2012-01,2012,1,January,2057296.0,1288294.0,209408.0,167487.0,41922.0,3554998.0,1391359.0,142758.0,1534117.0,2020881.0,131.73,40.0,336686.0,157363.0,173806.0,122967.0,344332.0,288362.0,98130.0,205114.0,200984.0,5089.0,32567.0,34.44,1.35,1.25,1.44,20.17,19.96,20.36,20.45,0.2723,0.2495,4182,423,-13.79,21.78,-1.77,42.47,-12.54,13.85,-15.09,17.39
2012-02,2012,2,February,2020881.0,1188356.0,246890.0,129344.0,117546.0,3456127.0,1223511.0,170918.0,1394429.0,2061698.0,147.85,44.9,308705.0,154129.0,170579.0,101142.0,364765.0,264918.0,74019.0,198161.0,214173.0,11249.0,31359.0,33.42,1.18,1.16,1.2,20.36,20.06,20.73,20.75,0.2402,0.2327,4181,422,-7.76,8.59,2.02,39.19,-12.06,9.77,-12.59,-1.67
2012-03,2012,3,March,2061698.0,1211257.0,131581.0,27908.0,103673.0,3404536.0,1329536.0,118119.0,1447655.0,1956881.0,135.18,41.1,313936.0,152038.0,167842.0,91091.0,346926.0,231818.0,88187.0,211391.0,238747.0,369.0,33968.0,35.75,1.21,1.21,1.22,20.23,19.73,20.89,20.77,0.2448,0.2387,4196,422,1.93,-14.48,-5.08,21.23,8.67,7.63,2.54,-19.87
2012-04,2012,4,April,1956881.0,1272622.0,124075.0,40616.0,83459.0,3353578.0,1333814.0,169033.0,1502847.0,1850731.0,123.15,37.4,324380.0,139338.0,154616.0,120051.0,314735.0,242316.0,91339.0,178873.0,205940.0,276.0,25891.0,37.83,1.25,1.26,1.24,20.34,19.87,21.04,20.81,0.2542,0.2504,4216,422,5.07,-16.82,-5.42,10.77,0.32,-1.18,3.31,-21.88
2012-05,2012,5,May,1850731.0,1383735.0,129441.0,40690.0,88751.0,3363907.0,1412413.0,165780.0,1578193.0,1785714.0,113.15,34.4,343330.0,161510.0,179241.0,116437.0,342384.0,255194.0,80953.0,160972.0,225997.0,705.0,38798.0,34.23,1.34,1.35,1.34,20.48,19.95,21.26,21.03,0.2744,0.2693,4251,424,8.73,-20.56,-3.51,-7.12,5.89,0.08,7.2,-24.72
2012-06,2012,6,June,1785714.0,1470648.0,137532.0,24794.0,112738.0,3393894.0,1547205.0,147544.0,1694749.0,1699145.0,100.26,30.5,357282.0,161098.0,179326.0,127382.0,314863.0,215876.0,65243.0,247204.0,214041.0,498.0,11457.0,31.59,1.43,1.5,1.37,20.5,20.0,21.72,20.34,0.2931,0.3,4260,425,6.28,-16.11,-4.85,-17.3,9.54,-2.39,6.72,-20.11
2012-07,2012,7,July,1699145.0,1691916.0,86476.0,9193.0,77283.0,3477537.0,1291581.0,186863.0,1478444.0,1999093.0,135.22,41.1,423140.0,187323.0,209583.0,146312.0,359988.0,220922.0,62130.0,206872.0,207101.0,228.0,30427.0,32.24,1.68,1.81,1.56,20.03,19.55,21.28,19.95,0.3365,0.3539,4281,428,15.05,-3.38,17.65,-0.48,-16.52,-25.6,17.48,-6.15
2012-08,2012,8,August,1999093.0,1664249.0,65171.0,10043.0,55129.0,3728513.0,1443309.0,172407.0,1615716.0,2112797.0,130.77,39.8,405108.0,175285.0,194315.0,175153.0,371603.0,245741.0,90804.0,187158.0,222338.0,570.0,37151.0,29.55,1.67,1.76,1.58,20.54,20.07,21.65,20.46,0.343,0.3532,4290,430,-1.64,-0.17,5.69,11.21,11.75,-14.75,-0.6,-1.18
2012-09,2012,9,September,2112797.0,2004238.0,32830.0,22641.0,10190.0,4149865.0,1513844.0,155031.0,1668875.0,2480990.0,148.66,45.2,492250.0,211937.0,235686.0,209032.0,389342.0,264095.0,95993.0,222650.0,214825.0,1276.0,32811.0,28.18,2.0,2.09,1.92,20.42,20.04,21.23,20.4,0.4084,0.4188,4295,430,20.43,7.23,17.43,14.69,4.89,-2.09,19.76,2.04
2012-10,2012,10,October,2480990.0,1938430.0,55937.0,19102.0,36835.0,4475357.0,1777175.0,193009.0,1970184.0,2505173.0,127.15,38.7,475697.0,224068.0,246974.0,205157.0,430290.0,317618.0,99978.0,176124.0,214775.0,60.0,27748.0,22.4,1.96,1.99,1.92,20.61,20.36,21.29,20.3,0.404,0.4052,4288,430,-3.28,1.56,0.97,17.52,17.39,-3.6,-2.0,0.51
2012-11,2012,11,November,2505173.0,1891132.0,84918.0,49121.0,35797.0,4481223.0,1661548.0,253930.0,1915478.0,2565745.0,133.95,40.7,477778.0,215966.0,238166.0,216119.0,444037.0,303176.0,124159.0,270155.0,214928.0,2363.0,23868.0,22.09,1.97,1.91,2.02,20.18,20.0,20.48,20.19,0.3975,0.382,4260,432,-2.44,16.18,2.42,22.36,-6.51,-0.24,0.51,17.26
2012-12,2012,12,December,2565745.0,1780153.0,87224.0,54716.0,32508.0,4433122.0,1650192.0,155511.0,1805703.0,2627419.0,145.51,44.2,447608.0,223969.0,249070.0,187645.0,465964.0,312178.0,113683.0,209058.0,226992.0,6300.0,40641.0,20.39,1.85,1.76,1.93,20.26,20.05,20.6,20.24,0.3748,0.3529,4218,429,-5.87,19.12,2.4,27.71,-0.68,3.73,-6.09,16.35
2013-01,2013,1,January,2627419.0,1602493.0,103816.0,54781.0,49035.0,4333728.0,1635840.0,134543.0,1770383.0,2563345.0,144.79,44.0,413198.0,199807.0,220897.0,161321.0,466928.0,307161.0,103121.0,294962.0,221387.0,9407.0,21300.0,22.31,1.63,1.56,1.69,20.17,20.09,20.24,20.26,0.3288,0.3134,4266,429,-9.98,24.39,-2.44,26.84,-0.87,17.57,-11.89,20.74
2013-02,2013,2,February,2563345.0,1296824.0,97542.0,58810.0,38731.0,3957711.0,1398727.0,133135.0,1531862.0,2425849.0,158.36,48.1,337622.0,161188.0,178874.0,154486.0,445916.0,269939.0,101850.0,251071.0,187440.0,7173.0,13395.0,24.54,1.32,1.27,1.37,20.1,19.67,20.79,20.1,0.2653,0.2498,4277,425,-19.07,9.13,-5.36,17.66,-14.49,14.32,-19.02,11.86
2013-03,2013,3,March,2425849.0,1325101.0,90204.0,42433.0,47772.0,3841154.0,1536813.0,143531.0,1680344.0,2160810.0,128.59,39.1,339492.0,176929.0,198094.0,114680.0,455475.0,230276.0,103953.0,257738.0,244580.0,14583.0,19540.0,23.75,1.3,1.25,1.34,20.65,20.14,21.49,20.58,0.2685,0.2517,4263,428,2.18,9.4,-10.93,10.42,9.87,15.59,-1.52,7.44
2013-04,2013,4,April,2160810.0,1366544.0,45362.0,17949.0,27413.0,3572716.0,1455755.0,203430.0,1659185.0,1913531.0,115.33,35.1,342986.0,157509.0,174237.0,121359.0,408877.0,172292.0,108858.0,256608.0,220412.0,10686.0,16571.0,23.42,1.33,1.33,1.34,20.51,20.13,21.27,20.27,0.2728,0.2677,4278,427,3.13,7.38,-11.44,3.39,-5.27,9.14,2.31,6.4
2013-05,2013,5,May,1913531.0,1384330.0,47741.0,15815.0,31926.0,3345602.0,1407869.0,121392.0,1529261.0,1816341.0,118.77,36.1,342902.0,161632.0,179065.0,117116.0,346703.0,241705.0,99556.0,129279.0,250530.0,17079.0,19479.0,23.13,1.35,1.36,1.35,20.18,19.72,21.03,20.22,0.2724,0.2682,4272,427,1.3,0.04,-5.08,1.72,-3.29,-0.32,1.5,0.75
2013-06,2013,6,June,1816341.0,1416826.0,31987.0,5860.0,26127.0,3265154.0,1410936.0,206614.0,1617550.0,1647604.0,101.86,31.0,349841.0,166075.0,185273.0,108091.0,323968.0,203495.0,83207.0,204731.0,221564.0,20975.0,4000.0,24.4,1.37,1.44,1.31,19.96,19.46,21.08,19.93,0.2735,0.2802,4268,428,2.35,-3.66,-9.29,-3.03,0.22,-8.81,1.48,-4.2
2013-07,2013,7,July,1647604.0,1674852.0,50173.0,8151.0,42021.0,3372629.0,1453447.0,244924.0,1698371.0,1674258.0,98.58,30.0,410361.0,179315.0,199399.0,129238.0,270066.0,206414.0,104170.0,217126.0,229068.0,34636.0,5306.0,23.79,1.65,1.74,1.57,19.9,19.51,20.86,19.81,0.3283,0.3395,4267,428,18.21,-1.01,1.62,-16.25,3.01,12.53,20.44,-1.79
2013-08,2013,8,August,1674258.0,1735284.0,7533.0,6950.0,583.0,3417075.0,1526145.0,222798.0,1748943.0,1668132.0,95.38,29.0,437307.0,179838.0,199155.0,179897.0,264875.0,215777.0,87999.0,162715.0,229854.0,11105.0,10662.0,24.05,1.74,1.81,1.67,20.01,19.49,21.13,20.0,0.3482,0.3528,4283,429,3.61,4.27,-0.37,-21.05,5.0,5.74,5.45,4.19
2013-09,2013,9,September,1668132.0,1912175.0,19483.0,0.0,19483.0,3599790.0,1609206.0,206811.0,1816017.0,1783773.0,98.22,29.9,494726.0,224846.0,250991.0,186907.0,284165.0,273525.0,73060.0,220007.0,230084.0,9645.0,6896.0,24.3,1.9,2.05,1.77,20.21,19.68,21.59,19.96,0.384,0.4034,4284,430,10.19,-4.59,6.93,-28.1,5.44,6.3,9.2,-5.0
2013-10,2013,10,October,1783773.0,1972278.0,22503.0,4016.0,18487.0,3778554.0,1664319.0,268299.0,1932618.0,1845936.0,95.51,29.0,496387.0,230799.0,252764.0,183154.0,265380.0,301872.0,105037.0,269122.0,239564.0,19207.0,2812.0,24.23,1.93,2.04,1.83,20.57,20.24,21.48,20.24,0.397,0.4129,4294,430,3.14,1.75,3.48,-26.32,3.42,-6.35,1.58,-1.53
2013-11,2013,11,November,1845936.0,1861084.0,14859.0,3602.0,11257.0,3721879.0,1528000.0,215194.0,1743194.0,1978685.0,113.51,34.5,468027.0,218328.0,241604.0,183892.0,298341.0,288477.0,98485.0,249477.0,226856.0,17299.0,12780.0,27.64,1.83,1.83,1.84,20.5,20.36,20.89,20.21,0.3751,0.3726,4274,430,-5.64,-1.59,7.19,-22.88,-8.19,-8.04,-5.18,-7.11
2013-12,2013,12,December,1978685.0,1668668.0,24574.0,2318.0,22256.0,3671927.0,1519765.0,165051.0,1684816.0,1987111.0,117.94,35.9,426453.0,213556.0,236311.0,151503.0,293767.0,375892.0,101503.0,155556.0,225529.0,3237.0,7696.0,27.12,1.67,1.58,1.76,20.19,19.82,20.89,20.03,0.3372,0.3132,4238,434,-10.34,-6.26,0.43,-24.37,-0.54,-7.9,-8.74,-9.73
2014-01,2014,1,January,1987111.0,1508980.0,15782.0,5828.0,9954.0,3511873.0,1367962.0,208696.0,1576658.0,1935215.0,122.74,37.3,387348.0,182902.0,203051.0,144989.0,274523.0,311899.0,90890.0,274059.0,246946.0,4356.0,1650.0,27.27,1.49,1.41,1.56,20.16,20.28,20.31,19.51,0.3004,0.2859,4255,435,-9.57,-5.84,-2.61,-24.5,-9.99,-16.38,-10.78,-8.59
2014-02,2014,2,February,1935215.0,1275812.0,8259.0,7817.0,441.0,3219286.0,1351441.0,210914.0,1562355.0,1656931.0,106.05,32.2,322104.0,164034.0,180782.0,109829.0,251610.0,229680.0,85853.0,267980.0,209575.0,2860.0,6854.0,28.6,1.21,1.14,1.28,20.83,20.88,21.06,20.26,0.252,0.238,4244,436,-15.45,-1.62,-14.38,-31.7,-1.21,-3.38,-18.79,-8.33
2014-03,2014,3,March,1656931.0,1497142.0,15140.0,9708.0,5433.0,3169213.0,1245766.0,235354.0,1481120.0,1688093.0,113.97,34.6,386648.0,170828.0,188887.0,130532.0,259764.0,236291.0,89103.0,187916.0,234638.0,8767.0,2724.0,31.62,1.39,1.36,1.42,20.71,20.07,21.68,20.98,0.2879,0.273,3954,435,17.35,12.98,1.88,-21.88,-7.82,-18.94,14.88,6.92
2014-04,2014,4,April,1688093.0,1555777.0,43059.0,1999.0,41060.0,3286929.0,1268648.0,252091.0,1520739.0,1766190.0,116.14,35.3,389028.0,177074.0,195163.0,139529.0,273228.0,253781.0,87613.0,139183.0,229628.0,6243.0,9626.0,29.42,1.45,1.43,1.46,20.74,20.03,21.87,20.95,0.3007,0.2864,4222,435,3.92,13.85,4.63,-7.7,1.84,-12.85,4.32,9.02
2014-05,2014,5,May,1766190.0,1656957.0,50698.0,8025.0,42673.0,3473845.0,1416958.0,215546.0,1632504.0,1841341.0,112.79,34.3,399244.0,186543.0,207431.0,142238.0,274099.0,309040.0,87495.0,180619.0,231779.0,8543.0,15110.0,28.19,1.53,1.5,1.55,20.63,20.02,21.68,20.7,0.3156,0.3003,4196,435,6.5,19.69,4.25,1.38,11.69,0.65,5.52,13.33
2014-06,2014,6,June,1841341.0,1569684.0,10993.0,0.0,10993.0,3422018.0,1483191.0,282071.0,1765262.0,1656756.0,93.85,28.5,357295.0,174726.0,192966.0,124597.0,313045.0,290464.0,59260.0,223923.0,216824.0,7725.0,17932.0,26.38,1.43,1.44,1.43,20.6,20.26,21.47,20.18,0.2946,0.2917,4238,437,-5.27,10.79,-10.02,0.56,4.67,5.12,-6.54,4.38
2014-07,2014,7,July,1656756.0,1665661.0,13308.0,7725.0,5582.0,3335725.0,1446060.0,204909.0,1650969.0,1684756.0,102.05,31.0,406098.0,171352.0,188908.0,164619.0,290899.0,256462.0,75117.0,230037.0,243824.0,3610.0,10497.0,25.5,1.55,1.59,1.52,20.33,19.96,21.33,20.02,0.3151,0.3174,4249,440,6.11,-0.55,1.69,0.63,-2.5,-0.51,8.39,-6.06
2014-08,2014,8,August,1684756.0,2031677.0,17574.0,2523.0,15051.0,3734007.0,1437796.0,243012.0,1680808.0,2053199.0,122.16,37.1,520218.0,216043.0,238752.0,210971.0,334431.0,354712.0,71318.0,151353.0,227162.0,90.0,1932.0,22.41,1.94,1.99,1.89,20.41,19.8,21.85,20.23,0.396,0.394,4226,441,21.97,17.08,21.87,23.08,-0.57,-5.79,25.16,11.49
2014-09,2014,9,September,2053199.0,1896901.0,38491.0,2670.0,35821.0,3988591.0,1643294.0,254768.0,1898062.0,2090529.0,110.14,33.5,483173.0,225377.0,250185.0,197784.0,345723.0,362759.0,110836.0,228135.0,227167.0,150.0,2958.0,21.12,1.8,1.82,1.79,20.71,20.17,21.76,20.72,0.3728,0.3671,4240,438,-6.63,-0.8,1.82,17.2,14.29,2.12,-7.22,-5.26
2014-10,2014,10,October,2090529.0,1892994.0,82971.0,64048.0,18923.0,4066494.0,1611459.0,288724.0,1900183.0,2166311.0,114.01,34.7,470019.0,217843.0,241171.0,200383.0,352937.0,372093.0,123309.0,242822.0,263123.0,1642.0,13970.0,22.39,1.79,1.77,1.8,20.95,20.51,21.97,20.63,0.375,0.363,4199,438,-0.21,-4.02,3.63,17.36,-1.94,-3.18,-0.56,-7.25
2014-11,2014,11,November,2166311.0,1750567.0,98940.0,53084.0,45856.0,4015818.0,1514051.0,221206.0,1735257.0,2280561.0,131.42,40.0,430379.0,215630.0,238828.0,165210.0,314778.0,378055.0,120596.0,209481.0,248337.0,22753.0,17203.0,23.1,1.68,1.62,1.74,20.8,20.46,21.52,20.49,0.3494,0.3315,4204,438,-7.52,-5.94,5.27,15.26,-6.04,-0.91,-6.15,-8.2
2014-12,2014,12,December,2280561.0,1364864.0,90353.0,52872.0,37481.0,3735778.0,1519622.0,200367.0,1719989.0,2015789.0,117.2,35.6,337202.0,175030.0,192823.0,131222.0,303528.0,350855.0,115309.0,239373.0,249283.0,20616.0,41513.0,22.59,1.37,1.16,1.54,20.6,20.15,21.24,20.5,0.2822,0.2337,3926,439,-22.03,-18.21,-11.61,1.44,0.37,-0.01,-18.45,-17.96
2015-01,2015,1,January,2015789.0,1160687.0,89908.0,46242.0,43666.0,3266384.0,1191776.0,312713.0,1504489.0,1761895.0,117.11,35.6,291989.0,145734.0,162004.0,105980.0,258981.0,297247.0,77869.0,191449.0,224605.0,12667.0,28561.0,24.74,1.15,1.02,1.26,19.85,19.45,20.65,19.46,0.2283,0.1984,4335,439,-14.96,-23.08,-12.6,-8.96,-21.57,-12.88,-16.06,-22.82
2015-02,2015,2,February,1761895.0,1121628.0,63515.0,36462.0,27053.0,2947038.0,972646.0,238233.0,1210879.0,1736159.0,143.38,43.6,279309.0,115072.0,128583.0,135504.0,215360.0,257695.0,83198.0,196928.0,220532.0,25616.0,39269.0,24.69,1.07,1.11,1.04,20.25,19.98,21.2,19.57,0.2167,0.2218,4350,439,-3.37,-12.09,-1.46,4.78,-18.39,-28.03,-6.96,-11.57
2015-03,2015,3,March,1736159.0,1495151.0,41574.0,13499.0,28075.0,3272884.0,1194230.0,220262.0,1414492.0,1858392.0,131.38,39.9,379309.0,176180.0,194003.0,136178.0,240134.0,230779.0,77555.0,207508.0,237631.0,824.0,52184.0,24.34,1.33,1.43,1.25,20.49,19.93,21.82,20.38,0.2725,0.285,4369,442,33.3,-0.13,7.04,10.09,22.78,-4.14,24.3,-4.32
2015-04,2015,4,April,1858392.0,1693425.0,65007.0,34277.0,30729.0,3616824.0,1177822.0,256990.0,1434812.0,2182012.0,152.08,46.2,432422.0,182163.0,201326.0,173583.0,255703.0,278737.0,82950.0,161456.0,232032.0,186.0,13891.0,23.06,1.55,1.67,1.45,20.18,19.45,21.55,20.55,0.3128,0.3248,4405,443,13.26,8.85,17.41,23.54,-1.37,-7.16,16.54,6.9
2015-05,2015,5,May,2182012.0,1810530.0,101108.0,73241.0,27866.0,4093650.0,1625592.0,228572.0,1854164.0,2239486.0,120.78,36.7,449426.0,218716.0,241706.0,150648.0,303544.0,346287.0,86925.0,166420.0,234668.0,1314.0,9074.0,22.75,1.64,1.7,1.6,20.23,19.65,21.3,20.34,0.3318,0.334,4428,443,6.92,9.27,2.63,21.62,38.02,14.72,5.81,7.19
2015-06,2015,6,June,2239486.0,1763667.0,103496.0,79396.0,24100.0,4106649.0,1697169.0,267570.0,1964739.0,2141910.0,109.02,33.1,413561.0,197626.0,219136.0,136753.0,289512.0,381053.0,96469.0,201084.0,226903.0,22670.0,10729.0,23.66,1.61,1.66,1.57,20.14,19.74,21.17,19.86,0.3243,0.3277,4442,444,-2.59,12.36,-4.36,29.28,4.4,14.43,-1.83,12.59
2015-07,2015,7,July,2141910.0,1815634.0,142845.0,104863.0,37981.0,4100389.0,1609902.0,232590.0,1842492.0,2257897.0,122.55,37.3,430990.0,183287.0,202498.0,168796.0,279350.0,314513.0,82823.0,239233.0,229770.0,46622.0,10133.0,22.8,1.68,1.78,1.58,20.43,20.1,21.66,19.79,0.3432,0.3578,4476,441,2.95,9.0,5.42,34.02,-5.14,11.33,4.35,8.39
2015-08,2015,8,August,2257897.0,2051000.0,66006.0,26421.0,39584.0,4374903.0,1608303.0,274634.0,1882937.0,2491966.0,132.34,40.2,523692.0,236648.0,262674.0,187952.0,293014.0,293887.0,94317.0,279190.0,254073.0,16201.0,1660.0,20.05,1.89,1.96,1.82,20.19,19.85,21.36,19.66,0.3816,0.3891,4473,443,12.96,0.95,10.37,21.37,-0.1,11.86,12.5,-2.58
2015-09,2015,9,September,2491966.0,1959064.0,75962.0,8274.0,67687.0,4526992.0,1680882.0,204818.0,1885700.0,2641292.0,140.07,42.6,489614.0,216411.0,237338.0,198767.0,316438.0,348878.0,105543.0,183126.0,250203.0,31423.0,15109.0,20.48,1.81,1.86,1.77,20.96,20.53,22.09,20.65,0.3794,0.3819,4475,442,-4.48,3.28,5.99,26.35,4.51,2.29,-4.23,0.56
2015-10,2015,10,October,2641292.0,2037466.0,73434.0,23931.0,49504.0,4752192.0,1711924.0,204920.0,1916844.0,2835348.0,147.92,45.0,486309.0,224405.0,246168.0,208171.0,340157.0,317839.0,106545.0,304888.0,253187.0,11334.0,26319.0,23.34,1.84,1.8,1.87,21.31,20.87,22.4,20.94,0.3921,0.3757,4459,442,4.0,7.63,7.35,30.88,1.85,6.23,1.66,2.79
2015-11,2015,11,November,2835348.0,1653946.0,121819.0,24076.0,97743.0,4611113.0,1499757.0,200427.0,1700184.0,2910929.0,171.21,52.0,395211.0,202821.0,225395.0,168558.0,348054.0,336038.0,81330.0,229742.0,241199.0,82.0,12424.0,22.44,1.57,1.52,1.61,20.62,20.23,21.64,20.07,0.3237,0.3075,4426,443,-18.82,-5.52,2.67,27.64,-12.39,-0.94,-14.67,-6.55
2015-12,2015,12,December,2910929.0,1399383.0,83486.0,15225.0,68261.0,4393798.0,1484211.0,275647.0,1759858.0,2633940.0,149.67,45.5,343829.0,177403.0,199159.0,136590.0,336328.0,255850.0,91170.0,265952.0,244725.0,10004.0,5210.0,23.12,1.34,1.26,1.41,20.56,20.1,21.72,20.04,0.2755,0.2533,4105,445,-15.39,2.53,-9.52,30.67,-1.04,-2.33,-14.65,-2.19
2016-01,2016,1,January,2633940.0,1129747.0,34400.0,7003.0,27397.0,3798087.0,1279187.0,210122.0,1489309.0,2308778.0,155.02,47.1,276238.0,146455.0,162890.0,100519.0,280167.0,216056.0,85281.0,223416.0,215761.0,61.0,4174.0,30.13,1.04,1.0,1.08,20.53,19.94,21.76,20.3,0.2135,0.1994,4633,446,-19.27,-2.67,-12.35,31.04,-13.81,7.33,-22.39,-9.57
2016-02,2016,2,February,2308778.0,1042707.0,67583.0,15884.0,51699.0,3419068.0,1088864.0,159863.0,1248727.0,2170341.0,173.8,52.8,261442.0,116975.0,131018.0,111213.0,244653.0,183187.0,65308.0,165976.0,228784.0,10618.0,13533.0,24.62,0.97,1.05,0.9,19.98,19.41,21.42,19.87,0.1938,0.2038,4695,447,-7.7,-7.04,-6.0,25.01,-14.88,11.95,-6.73,-9.35
2016-03,2016,3,March,2170341.0,1219449.0,74452.0,18583.0,55868.0,3464242.0,1335934.0,242677.0,1578611.0,1885631.0,119.45,36.3,309658.0,145595.0,162519.0,108315.0,239623.0,256747.0,85661.0,77005.0,247815.0,555.0,16141.0,26.67,1.1,1.18,1.03,20.15,19.62,21.33,20.17,0.2217,0.2315,4683,449,16.95,-18.44,-13.12,1.47,22.69,11.87,13.4,-17.29
2016-04,2016,4,April,1885631.0,1301291.0,41798.0,5503.0,36295.0,3228720.0,1172915.0,251310.0,1424225.0,1804495.0,126.7,38.5,326138.0,148928.0,165785.0,121487.0,219525.0,239061.0,85183.0,175603.0,232114.0,116.0,8910.0,28.16,1.17,1.21,1.13,20.23,19.66,21.17,20.59,0.2367,0.2379,4705,452,6.71,-23.16,-4.3,-17.3,-12.2,-0.42,6.36,-24.52
2016-05,2016,5,May,1804495.0,1364583.0,20024.0,9522.0,10502.0,3189102.0,1282453.0,256790.0,1539243.0,1649859.0,107.19,32.6,334628.0,153826.0,171440.0,118777.0,237085.0,230260.0,61642.0,170100.0,228297.0,20872.0,5934.0,29.65,1.27,1.25,1.29,19.7,19.24,20.38,19.95,0.2502,0.2405,4747,447,4.86,-24.63,-8.57,-26.33,9.34,-21.11,8.55,-22.56
2016-06,2016,6,June,1649859.0,1532613.0,19636.0,4502.0,15134.0,3202108.0,1141832.0,285651.0,1427483.0,1774625.0,124.32,37.8,371048.0,164508.0,182247.0,132898.0,229064.0,256185.0,80135.0,191119.0,225401.0,9730.0,10406.0,26.78,1.45,1.34,1.53,19.64,19.35,20.27,19.46,0.2848,0.2593,4717,448,12.31,-13.1,7.56,-17.15,-10.97,-32.72,14.17,-9.94
2016-07,2016,7,July,1774625.0,1585341.0,12823.0,5545.0,7278.0,3372789.0,1384720.0,217702.0,1602422.0,1770367.0,110.48,33.6,367561.0,164963.0,183090.0,142442.0,203065.0,217830.0,69182.0,234174.0,232328.0,16764.0,10637.0,29.45,1.47,1.36,1.57,20.13,19.8,21.01,19.7,0.2959,0.2693,4639,449,3.44,-12.68,-0.24,-21.59,21.27,-13.99,1.38,-12.5
2016-08,2016,8,August,1770367.0,1701833.0,7807.0,5501.0,2306.0,3480007.0,1824437.0,191489.0,2015926.0,1464081.0,72.63,22.1,403245.0,193064.0,213283.0,132229.0,209493.0,227875.0,71747.0,209650.0,233819.0,10722.0,5829.0,29.06,1.54,1.46,1.6,20.57,20.27,21.45,20.19,0.3168,0.2959,4802,452,7.35,-17.02,-17.3,-41.25,31.75,13.44,4.76,-18.52
2016-09,2016,9,September,1464081.0,1715085.0,1792.0,907.0,885.0,3180958.0,1461173.0,173027.0,1634200.0,1546758.0,94.65,28.8,428104.0,179970.0,202093.0,163277.0,226613.0,253580.0,71719.0,154949.0,233222.0,443.0,15309.0,33.25,1.57,1.54,1.59,20.44,20.08,21.47,20.01,0.3209,0.3092,4789,452,0.78,-12.45,5.65,-41.44,-19.91,-13.07,1.95,-13.26
2016-10,2016,10,October,1546758.0,1677873.0,26857.0,5078.0,21779.0,3251488.0,1436070.0,240947.0,1677017.0,1574471.0,93.89,28.5,400125.0,205514.0,223174.0,128550.0,220863.0,265811.0,93257.0,219417.0,236724.0,77.0,22421.0,30.99,1.51,1.49,1.53,20.64,20.41,21.49,20.11,0.3117,0.3041,4774,452,-2.17,-17.65,1.79,-44.47,-1.72,-16.11,-3.82,-17.93
2016-11,2016,11,November,1574471.0,1574938.0,63491.0,6987.0,56504.0,3212900.0,1370411.0,178761.0,1549172.0,1663728.0,107.39,32.6,365729.0,179748.0,198150.0,110184.0,229836.0,280376.0,74772.0,196582.0,218769.0,13568.0,13098.0,33.88,1.46,1.51,1.41,20.06,19.63,21.02,19.96,0.2929,0.2964,4761,452,-6.13,-4.78,5.67,-42.85,-4.57,-8.62,-3.31,-7.01
2016-12,2016,12,December,1663728.0,1473717.0,44752.0,8470.0,36282.0,3182197.0,1267962.0,247562.0,1515524.0,1666673.0,109.97,33.4,346520.0,159877.0,177311.0,122848.0,225615.0,235320.0,79209.0,195855.0,224262.0,55.0,17044.0,38.28,1.36,1.38,1.34,19.98,19.55,20.84,20.07,0.2717,0.2698,4374,453,-6.43,5.31,0.18,-36.72,-7.48,-14.57,-6.85,1.49
2017-01,2017,1,January,1666673.0,1276849.0,71591.0,4011.0,67580.0,3015113.0,1287782.0,186243.0,1474025.0,1541088.0,104.55,31.8,310182.0,144621.0,159884.0,121389.0,218703.0,218669.0,64809.0,187017.0,211821.0,9102.0,18848.0,39.2,1.2,1.16,1.24,19.72,19.35,20.22,19.96,0.2366,0.2245,4857,450,-13.36,13.02,-7.54,-33.25,1.56,0.67,-11.76,15.38
2017-02,2017,2,February,1541088.0,1258539.0,40331.0,3002.0,37329.0,2839958.0,1107768.0,272829.0,1380597.0,1459361.0,105.71,32.1,316069.0,147844.0,165011.0,120450.0,199006.0,216813.0,71092.0,186568.0,211063.0,41019.0,18806.0,38.09,1.13,1.14,1.13,19.54,19.07,20.15,20.03,0.2208,0.2174,4874,446,-1.43,20.7,-5.3,-32.76,-13.98,1.74,-5.83,16.49
2017-03,2017,3,March,1459361.0,1464021.0,101961.0,5756.0,96205.0,3025343.0,1265800.0,206324.0,1472124.0,1553219.0,105.51,32.1,374530.0,170401.0,188447.0,127156.0,230627.0,291648.0,70748.0,111004.0,245139.0,5544.0,19947.0,33.08,1.32,1.35,1.29,19.59,19.11,20.16,20.15,0.2586,0.258,4869,449,16.33,20.06,6.43,-17.63,14.27,-5.25,16.81,20.0
2017-04,2017,4,April,1553219.0,1548026.0,54475.0,2520.0,51956.0,3155720.0,1284120.0,271474.0,1555594.0,1600126.0,102.86,31.3,387306.0,170042.0,188259.0,150784.0,242914.0,242962.0,54178.0,214680.0,176508.0,37857.0,15204.0,29.8,1.38,1.41,1.35,19.72,19.24,20.24,20.38,0.2721,0.2713,4877,449,5.74,18.96,3.02,-11.33,1.45,9.48,4.55,17.95
2017-05,2017,5,May,1600126.0,1654494.0,47450.0,5844.0,41607.0,3302070.0,1506145.0,238571.0,1744716.0,1557354.0,89.26,27.1,405274.0,194225.0,216026.0,134524.0,248944.0,259539.0,81478.0,158686.0,194588.0,32087.0,21184.0,27.16,1.45,1.46,1.44,19.82,19.26,20.59,20.32,0.2874,0.2812,4874,450,6.88,21.25,-2.67,-5.61,17.29,17.44,5.07,14.17
2017-06,2017,6,June,1557354.0,1514255.0,45828.0,3006.0,42822.0,3117437.0,1379888.0,210710.0,1590598.0,1526839.0,95.99,29.2,370828.0,171389.0,193362.0,138976.0,229586.0,258429.0,68321.0,156974.0,216187.0,9440.0,12962.0,30.69,1.37,1.31,1.42,19.71,19.26,20.42,19.9,0.27,0.2523,4895,450,-8.48,-1.2,-1.96,-13.96,-8.38,20.85,-5.52,-5.52
2017-07,2017,7,July,1526839.0,1826828.0,52962.0,6501.0,46461.0,3406629.0,1399107.0,223153.0,1622260.0,1784369.0,109.99,33.4,448172.0,209435.0,234221.0,135340.0,226846.0,253054.0,81085.0,217707.0,244485.0,50595.0,5280.0,29.15,1.61,1.68,1.55,19.71,19.17,20.72,19.97,0.3173,0.3221,4898,453,20.64,15.23,16.87,0.79,1.39,1.04,17.52,9.52
2017-08,2017,8,August,1784369.0,1810551.0,41661.0,10446.0,31216.0,3636581.0,1488211.0,206653.0,1694864.0,1941717.0,114.56,34.8,447742.0,205079.0,229191.0,149446.0,233273.0,283262.0,92438.0,180570.0,268102.0,12375.0,9292.0,28.55,1.61,1.73,1.52,19.74,19.1,21.19,19.9,0.3178,0.3304,4908,454,-0.89,6.39,8.82,32.62,6.37,-18.43,0.0,4.55
2017-09,2017,9,September,1941717.0,1779918.0,41173.0,3001.0,38172.0,3762808.0,1519284.0,227602.0,1746886.0,2015922.0,115.4,35.1,441950.0,190895.0,210781.0,175569.0,221779.0,273137.0,88779.0,209614.0,237782.0,8393.0,5417.0,29.34,1.62,1.78,1.49,19.7,19.1,21.06,19.81,0.3191,0.34,4875,454,-1.69,3.78,3.82,30.33,2.09,3.98,0.62,3.18
2017-10,2017,10,October,2015922.0,2008838.0,13479.0,8039.0,5440.0,4038239.0,1538050.0,296806.0,1834856.0,2203383.0,120.08,36.5,498966.0,223426.0,248687.0,189661.0,249104.0,352595.0,93457.0,143195.0,257558.0,5572.0,22478.0,31.65,1.78,1.94,1.66,19.99,19.51,21.03,20.04,0.3558,0.3785,4869,454,12.86,19.73,9.3,39.94,1.24,7.1,9.88,17.88
2017-11,2017,11,November,2203383.0,1942847.0,30191.0,5010.0,25180.0,4176421.0,1356378.0,266304.0,1622682.0,2553739.0,157.38,47.8,484880.0,230033.0,258311.0,185541.0,301236.0,345430.0,80518.0,219018.0,246401.0,9087.0,21269.0,31.22,1.75,1.91,1.63,19.7,19.14,20.74,19.97,0.3447,0.3656,4797,454,-3.29,23.36,15.9,53.49,-11.81,-1.02,-1.69,19.86
2017-12,2017,12,December,2553739.0,1834176.0,14991.0,3002.0,11989.0,4402906.0,1427425.0,243388.0,1670813.0,2732093.0,163.52,49.7,465064.0,223523.0,250856.0,179587.0,289375.0,356019.0,120563.0,221622.0,264450.0,14220.0,11419.0,30.59,1.67,1.83,1.54,19.58,19.22,20.42,19.52,0.327,0.3517,4441,454,-5.59,24.46,6.98,63.92,5.24,12.58,-4.57,22.79
2018-01,2018,1,January,2732093.0,1586653.0,34825.0,5000.0,29825.0,4353571.0,1472656.0,332203.0,1804859.0,2548712.0,141.21,42.9,418424.0,206597.0,230641.0,151765.0,294874.0,337061.0,72938.0,217817.0,246418.0,33087.0,3329.0,27.24,1.48,1.53,1.43,19.01,18.51,19.77,19.33,0.2813,0.2832,4937,455,-13.5,24.26,-6.71,65.38,3.17,14.36,-11.38,23.33
2018-02,2018,2,February,2548712.0,1342805.0,67165.0,3016.0,64149.0,3958682.0,1243621.0,238608.0,1482229.0,2476453.0,167.08,50.8,340708.0,161124.0,181118.0,151553.0,274647.0,266331.0,108106.0,217874.0,234776.0,34875.0,17219.0,28.07,1.22,1.29,1.17,19.84,19.63,20.61,19.25,0.242,0.2532,4934,454,-15.37,6.7,-2.84,69.69,-15.55,12.26,-17.57,7.96
2018-03,2018,3,March,2476453.0,1574079.0,39626.0,6776.0,32851.0,4090158.0,1566183.0,184022.0,1750205.0,2339953.0,133.7,40.6,404924.0,195294.0,219538.0,147322.0,309892.0,330527.0,74470.0,132448.0,260461.0,24373.0,22566.0,25.71,1.38,1.46,1.31,20.01,19.86,20.56,19.69,0.2761,0.29,4938,453,17.22,7.52,-5.51,50.65,25.94,23.73,13.11,4.55
2018-04,2018,4,April,2339953.0,1558769.0,35624.0,8229.0,27396.0,3934346.0,1530406.0,209838.0,1740244.0,2194102.0,126.08,38.3,393003.0,188701.0,208806.0,142348.0,328152.0,333195.0,71493.0,178733.0,270582.0,28838.0,20999.0,25.99,1.36,1.4,1.34,20.22,19.99,20.67,20.24,0.275,0.2799,4935,452,-0.97,0.69,-6.23,37.12,-2.28,19.18,-1.45,-1.45
2018-05,2018,5,May,2194102.0,1525490.0,32260.0,8144.0,24117.0,3751852.0,1291627.0,266968.0,1558595.0,2193257.0,140.72,42.8,380987.0,179463.0,206034.0,142506.0,324221.0,292451.0,67093.0,214149.0,267110.0,41822.0,11144.0,25.43,1.32,1.32,1.32,20.04,19.59,20.92,20.13,0.2645,0.2586,4938,453,-2.13,-7.8,-0.04,40.83,-15.6,-14.24,-2.94,-8.97
2018-06,2018,6,June,2193257.0,1332704.0,85889.0,11747.0,74141.0,3611850.0,1129518.0,278145.0,1407663.0,2204187.0,156.58,47.6,315731.0,156387.0,176622.0,131491.0,282597.0,245129.0,73378.0,201625.0,237365.0,41762.0,11357.0,24.29,1.17,1.14,1.19,20.07,19.76,20.92,19.89,0.2348,0.2253,4946,453,-12.64,-11.99,0.5,44.36,-12.55,-18.14,-11.36,-14.6
2018-07,2018,7,July,2204187.0,1503220.0,44030.0,7007.0,37023.0,3751437.0,1196672.0,323215.0,1519887.0,2231550.0,146.82,44.6,361220.0,175456.0,199221.0,117148.0,261693.0,245701.0,74700.0,150521.0,271229.0,66197.0,17685.0,23.23,1.28,1.27,1.29,19.95,19.65,20.95,19.68,0.2554,0.2496,4947,453,12.79,-17.71,1.24,25.06,5.95,-14.47,9.4,-20.5
2018-08,2018,8,August,2231550.0,1620605.0,80191.0,11314.0,68877.0,3932346.0,1099896.0,327526.0,1427422.0,2504924.0,175.49,53.3,397683.0,179917.0,203637.0,133209.0,262010.0,231695.0,78987.0,213898.0,254603.0,39333.0,28436.0,23.22,1.39,1.38,1.4,20.32,20.1,21.1,20.1,0.2824,0.2774,4922,452,7.81,-10.49,12.25,29.01,-8.09,-26.09,8.59,-13.66
2018-09,2018,9,September,2504924.0,1853602.0,61599.0,14492.0,47107.0,4420125.0,1619482.0,271188.0,1890670.0,2529455.0,133.79,40.7,462795.0,191687.0,218588.0,187879.0,300521.0,234128.0,62923.0,171234.0,251117.0,28037.0,23464.0,23.11,1.62,1.61,1.62,20.06,19.74,20.88,19.97,0.325,0.3178,4937,450,14.38,4.14,0.98,25.47,47.24,6.6,16.55,0.0
2018-10,2018,10,October,2529455.0,1964954.0,117269.0,66708.0,50561.0,4611678.0,1578493.0,310516.0,1889009.0,2722669.0,144.13,43.8,485666.0,231184.0,260064.0,182756.0,355495.0,251292.0,77385.0,225901.0,288927.0,57678.0,31930.0,21.57,1.7,1.72,1.69,20.14,19.88,20.85,19.97,0.3424,0.3419,4900,450,6.01,-2.18,7.64,23.57,-2.53,2.63,4.94,-4.49
2018-11,2018,11,November,2722669.0,1845222.0,134352.0,80173.0,54179.0,4702243.0,1375685.0,319463.0,1695148.0,3007095.0,177.39,53.9,451724.0,216879.0,244215.0,175718.0,389963.0,311150.0,99728.0,166217.0,254695.0,44091.0,35481.0,18.66,1.63,1.65,1.62,19.97,19.83,20.26,19.94,0.3255,0.3272,4883,451,-6.09,-5.02,10.45,17.75,-12.85,1.42,-4.12,-6.86
2018-12,2018,12,December,3007095.0,1808038.0,108621.0,64377.0,44245.0,4923754.0,1383307.0,323971.0,1707278.0,3216476.0,188.4,57.3,446528.0,217296.0,246505.0,166749.0,434133.0,325710.0,61228.0,201727.0,253802.0,75374.0,17415.0,18.44,1.61,1.67,1.56,19.83,19.71,20.14,19.71,0.3193,0.3292,4569,451,-2.02,-1.43,6.96,17.73,0.55,-3.09,-1.23,-3.59
2019-01,2019,1,January,3216476.0,1737461.0,81477.0,46535.0,34942.0,5035414.0,1680891.0,351652.0,2032543.0,3002871.0,147.74,44.9,445427.0,211390.0,239415.0,160281.0,460882.0,278331.0,83544.0,226222.0,237581.0,50353.0,16360.0,20.87,1.52,1.63,1.44,19.87,19.86,20.02,19.71,0.302,0.3237,4727,447,-3.9,9.5,-6.64,17.82,21.51,14.14,-5.59,2.7
2019-02,2019,2,February,3002871.0,1544518.0,94278.0,63957.0,30321.0,4641667.0,1324615.0,260104.0,1584719.0,3056948.0,192.9,58.6,395704.0,174065.0,196194.0,186143.0,423944.0,264554.0,96584.0,193798.0,276838.0,44026.0,18636.0,21.0,1.34,1.45,1.26,20.22,20.07,20.77,19.84,0.2709,0.291,4951,447,-11.1,15.02,1.8,23.44,-21.2,6.51,-11.84,9.84
2019-03,2019,3,March,3056948.0,1672058.0,131242.0,74624.0,56618.0,4860248.0,1620752.0,319119.0,1939871.0,2920377.0,150.54,45.8,432518.0,223419.0,251528.0,147634.0,465808.0,241394.0,80737.0,269793.0,280133.0,83753.0,14453.0,19.1,1.42,1.56,1.32,20.27,19.9,21.18,20.15,0.2878,0.3104,4756,449,8.26,6.22,-4.47,24.8,22.36,3.48,5.97,2.9
2019-04,2019,4,April,2920377.0,1649368.0,62112.0,45361.0,16750.0,4631857.0,1654499.0,250448.0,1904947.0,2726910.0,143.15,43.5,418874.0,190217.0,213306.0,164804.0,491258.0,277362.0,89892.0,155494.0,259055.0,25407.0,6875.0,18.76,1.42,1.6,1.28,20.07,19.54,21.13,20.34,0.285,0.3126,4780,447,-1.36,5.81,-6.62,24.28,2.08,8.11,0.0,4.41
2019-05,2019,5,May,2726910.0,1671467.0,61789.0,38237.0,23552.0,4460166.0,1715719.0,299989.0,2015708.0,2444458.0,121.27,36.9,409187.0,204270.0,228112.0,141713.0,479231.0,263248.0,96441.0,238770.0,291858.0,66930.0,10318.0,19.86,1.4,1.55,1.29,20.0,19.65,20.78,20.07,0.28,0.3046,4775,449,1.34,9.57,-10.36,11.45,3.7,32.83,-1.41,6.06
2019-06,2019,6,June,2444458.0,1510957.0,101250.0,62570.0,38680.0,4056665.0,1397140.0,248697.0,1645837.0,2410828.0,146.48,44.5,356164.0,160366.0,175951.0,155571.0,436205.0,183140.0,87890.0,229156.0,250777.0,36154.0,22872.0,19.25,1.34,1.45,1.25,19.89,19.74,20.56,19.55,0.2665,0.2862,4842,450,-9.6,13.38,-1.38,9.37,-18.57,23.69,-4.29,14.53
2019-07,2019,7,July,2410828.0,1740759.0,40069.0,28221.0,11848.0,4191656.0,1486485.0,326899.0,1813384.0,2378272.0,131.15,39.9,412353.0,201270.0,223537.0,138845.0,452360.0,191828.0,86865.0,218501.0,279656.0,89011.0,19398.0,18.3,1.49,1.62,1.41,20.11,20.02,20.81,19.69,0.2996,0.3243,4834,454,15.21,15.8,-1.35,6.57,6.39,24.22,11.19,16.41
2019-08,2019,8,August,2378272.0,1821548.0,51055.0,30167.0,20889.0,4250875.0,1736216.0,274168.0,2010384.0,2240491.0,111.45,33.9,446585.0,199802.0,223233.0,164403.0,459341.0,259798.0,93473.0,144090.0,305404.0,48010.0,18650.0,20.54,1.55,1.62,1.51,20.61,20.33,21.79,20.23,0.3195,0.3293,4815,452,4.64,12.4,-5.79,-10.56,16.8,57.85,4.03,11.51
2019-09,2019,9,September,2240491.0,1842433.0,71112.0,37695.0,33417.0,4154036.0,1409089.0,296463.0,1705552.0,2448484.0,143.56,43.6,453654.0,200915.0,220338.0,181639.0,450709.0,298516.0,87129.0,168789.0,264427.0,54749.0,19478.0,20.61,1.57,1.58,1.57,20.88,20.45,21.97,20.8,0.3278,0.3231,4819,454,1.15,-0.6,9.28,-3.2,-18.84,-12.99,1.29,-3.09
2019-10,2019,10,October,2448484.0,1795841.0,85034.0,61131.0,23903.0,4329359.0,1641973.0,335107.0,1977080.0,2352279.0,118.98,36.2,442604.0,217639.0,239212.0,159313.0,446187.0,292368.0,101382.0,221283.0,287796.0,19980.0,37337.0,20.7,1.57,1.55,1.61,20.35,20.0,21.15,20.25,0.3195,0.31,4794,454,-2.53,-8.61,-3.93,-13.6,16.53,4.02,0.0,-7.65
2019-11,2019,11,November,2352279.0,1538053.0,74684.0,50278.0,24406.0,3965016.0,1405638.0,304296.0,1709934.0,2255082.0,131.88,40.1,362641.0,184758.0,204394.0,137026.0,417806.0,293511.0,89886.0,221772.0,286727.0,44153.0,27465.0,25.4,1.35,1.31,1.39,20.33,20.06,21.17,19.94,0.2745,0.2628,4778,453,-14.35,-16.65,-4.13,-25.01,-14.39,2.18,-14.01,-17.18
2019-12,2019,12,December,2255082.0,1333904.0,123029.0,75933.0,47096.0,3712015.0,1398049.0,303439.0,1701488.0,2010527.0,118.16,35.9,316240.0,154073.0,171366.0,132371.0,442164.0,247380.0,92431.0,205071.0,259195.0,47252.0,47084.0,29.61,1.22,1.13,1.3,19.71,19.41,20.47,19.45,0.2405,0.2193,4766,452,-13.27,-26.22,-10.84,-37.49,-0.54,1.07,-9.63,-24.22
2020-01,2020,1,January,2010527.0,1171534.0,85033.0,29298.0,55735.0,3267094.0,1213050.0,298627.0,1511677.0,1755417.0,116.12,35.3,286909.0,136695.0,156026.0,126958.0,380478.0,186745.0,97291.0,183119.0,244566.0,58524.0,28684.0,31.63,1.06,0.96,1.13,19.88,19.7,20.46,19.62,0.2107,0.1891,4695,448,-12.17,-32.57,-12.69,-41.54,-13.23,-27.83,-13.11,-30.26
2020-02,2020,2,February,1755417.0,1288515.0,66735.0,37351.0,29384.0,3110667.0,1089529.0,320877.0,1410406.0,1700261.0,120.55,36.6,331808.0,153324.0,173277.0,133810.0,362242.0,230590.0,73945.0,117977.0,250103.0,21790.0,22320.0,28.03,1.1,1.15,1.06,19.81,19.45,20.5,19.98,0.2179,0.2237,4707,450,9.99,-16.57,-3.14,-44.38,-10.18,-17.75,3.77,-17.91
2020-03,2020,3,March,1700261.0,1401481.0,79216.0,27637.0,51580.0,3180958.0,1184933.0,266433.0,1451366.0,1729592.0,119.17,36.2,352313.0,164543.0,185271.0,134803.0,408284.0,212702.0,77481.0,222753.0,259681.0,68324.0,20439.0,20.52,1.19,1.3,1.09,20.07,19.68,21.12,20.04,0.2388,0.2558,4708,447,8.77,-16.18,1.73,-40.78,8.76,-26.89,8.18,-16.2
2020-04,2020,4,April,1729592.0,1652771.0,56596.0,7416.0,49181.0,3438959.0,1236478.0,157983.0,1394461.0,2044498.0,146.62,44.6,412597.0,167131.0,185065.0,193358.0,392694.0,213382.0,84118.0,167510.0,270133.0,6427.0,19148.0,24.43,1.41,1.57,1.27,19.94,19.47,21.08,20.02,0.2812,0.3057,4700,453,17.93,0.21,18.21,-25.03,4.35,-25.27,18.49,-0.7
2020-05,2020,5,May,2044498.0,1651336.0,37101.0,17586.0,19516.0,3732935.0,1369351.0,334005.0,1703356.0,2029579.0,119.15,36.2,401088.0,196712.0,220470.0,172195.0,409254.0,239068.0,75049.0,191019.0,250071.0,18652.0,11498.0,25.37,1.44,1.49,1.4,19.87,19.37,20.92,19.85,0.2861,0.2886,4709,453,-0.09,-1.2,-0.73,-16.97,10.75,-20.19,2.13,2.86
2020-06,2020,6,June,2029579.0,1885742.0,48841.0,13897.0,34944.0,3964162.0,1706725.0,359065.0,2065790.0,1898372.0,91.9,27.9,465712.0,215663.0,245389.0,171401.0,436533.0,220806.0,96201.0,317534.0,294367.0,16022.0,12929.0,28.59,1.65,1.84,1.5,19.47,19.32,20.25,18.98,0.3213,0.3555,4701,455,14.19,24.8,-6.46,-21.26,24.64,22.16,14.58,23.13
2020-07,2020,7,July,1898372.0,1807397.0,52691.0,16873.0,35818.0,3758460.0,1783284.0,276005.0,2059289.0,1699171.0,82.51,25.1,449347.0,217642.0,246309.0,162078.0,463278.0,236344.0,100584.0,227494.0,269938.0,38974.0,38011.0,29.99,1.59,1.76,1.45,19.59,19.48,20.42,19.13,0.3115,0.3428,4696,456,-4.15,3.83,-10.49,-28.55,4.49,19.97,-3.64,6.71
2020-08,2020,8,August,1699171.0,1863309.0,32311.0,20819.0,11492.0,3594791.0,1578075.0,313907.0,1891982.0,1702809.0,90.0,27.4,459679.0,212760.0,237582.0,164441.0,474951.0,271476.0,102379.0,247489.0,239302.0,24675.0,15506.0,30.65,1.62,1.77,1.5,20.12,19.93,20.98,19.82,0.3259,0.3528,4704,455,3.09,2.29,0.21,-24.0,-11.51,-9.11,1.89,4.52
2020-09,2020,9,September,1702809.0,1869256.0,48273.0,19516.0,28757.0,3620338.0,1612155.0,286381.0,1898536.0,1721802.0,90.69,27.6,466050.0,210760.0,237288.0,176331.0,454495.0,237451.0,134714.0,255773.0,237151.0,39367.0,25697.0,24.17,1.65,1.77,1.55,20.14,20.02,21.07,19.49,0.3323,0.3544,4707,455,0.32,1.46,1.12,-29.68,2.16,14.41,1.85,5.1
2020-10,2020,10,October,1721802.0,1724559.0,45398.0,17437.0,27961.0,3491759.0,1674337.0,244033.0,1918370.0,1573389.0,82.02,24.9,418121.0,214845.0,239939.0,138699.0,426714.0,263437.0,140640.0,252074.0,262215.0,22609.0,11035.0,23.16,1.5,1.55,1.47,20.36,20.4,20.76,19.8,0.3054,0.3162,4686,459,-7.74,-3.97,-8.62,-33.11,3.86,1.97,-9.09,-4.46
2020-11,2020,11,November,1573389.0,1491074.0,112663.0,43547.0,69116.0,3177126.0,1302399.0,312410.0,1614809.0,1562317.0,96.75,29.4,350144.0,171671.0,194691.0,116815.0,413222.0,221210.0,91747.0,217753.0,261933.0,20305.0,36835.0,36.6,1.33,1.37,1.29,20.09,19.95,20.71,19.72,0.2672,0.2733,4656,458,-13.54,-3.05,-0.7,-30.72,-22.21,-7.34,-11.33,-1.48
2020-12,2020,12,December,1562317.0,1333639.0,282058.0,120337.0,161720.0,3178014.0,1642900.0,269416.0,1912316.0,1265698.0,66.19,20.1,310213.0,141567.0,158445.0,125298.0,343442.0,218700.0,145551.0,168208.0,246791.0,42913.0,39411.0,38.96,1.19,1.23,1.16,19.71,19.52,20.6,19.28,0.2345,0.2401,4370,457,-10.56,-0.02,-18.99,-37.05,26.14,17.51,-10.53,-2.46
2021-01,2021,1,January,1265698.0,1126457.0,168717.0,13903.0,154814.0,2560872.0,947392.0,288841.0,1236233.0,1324639.0,107.15,32.6,277001.0,128809.0,146249.0,121415.0,317775.0,205053.0,69397.0,166905.0,244450.0,10081.0,30259.0,40.77,1.03,1.02,1.04,19.02,18.72,19.62,19.11,0.1959,0.1909,4780,456,-15.54,-3.85,4.66,-24.54,-42.33,-21.9,-13.45,-2.83
2021-02,2021,2,February,1324639.0,1108236.0,87326.0,7140.0,80186.0,2520201.0,900558.0,313621.0,1214179.0,1306022.0,107.56,32.7,272303.0,123336.0,139843.0,127633.0,270629.0,154458.0,64561.0,150533.0,255760.0,28206.0,21256.0,41.81,0.97,1.04,0.91,19.64,19.77,19.65,19.32,0.1905,0.2056,4789,454,-1.62,-13.99,-1.41,-23.19,-4.94,-17.34,-5.83,-11.82
2021-03,2021,3,March,1306022.0,1423483.0,137332.0,4903.0,132430.0,2866837.0,1189859.0,233062.0,1422921.0,1443916.0,101.48,30.8,359172.0,164292.0,184452.0,134867.0,251755.0,270032.0,93223.0,105810.0,258916.0,13839.0,10009.0,43.74,1.2,1.33,1.1,19.67,19.45,20.18,19.79,0.236,0.2587,4790,452,28.45,1.57,10.56,-16.52,32.12,0.42,23.71,0.84
2021-04,2021,4,April,1443916.0,1528121.0,109847.0,8046.0,101800.0,3081884.0,1350777.0,185202.0,1535979.0,1545905.0,100.65,30.6,384009.0,177910.0,199363.0,138354.0,244902.0,292500.0,96546.0,177640.0,236338.0,28029.0,14115.0,45.52,1.28,1.4,1.19,19.83,19.39,20.42,20.42,0.2538,0.2715,4798,453,7.35,-7.54,7.06,-24.39,13.52,9.24,6.67,-9.22
2021-05,2021,5,May,1545905.0,1571525.0,89014.0,0.0,89014.0,3206444.0,1268424.0,368602.0,1637026.0,1569418.0,95.87,29.1,383423.0,168000.0,187900.0,161854.0,274104.0,240061.0,71330.0,223505.0,221890.0,19793.0,27571.0,49.35,1.33,1.4,1.27,19.99,19.71,20.37,20.33,0.2659,0.2759,4811,453,2.84,-4.83,1.52,-22.67,-6.1,-7.37,3.91,-7.64
2021-06,2021,6,June,1569418.0,1606187.0,113126.0,0.0,113126.0,3288731.0,1418494.0,256011.0,1674505.0,1614226.0,96.4,29.3,374248.0,186988.0,212573.0,134694.0,314792.0,244742.0,78328.0,261560.0,231589.0,39877.0,23352.0,41.18,1.35,1.41,1.29,20.27,20.05,20.82,20.19,0.2736,0.2827,4812,453,2.21,-14.82,2.86,-14.97,11.83,-16.89,1.5,-18.18
2021-07,2021,7,July,1614226.0,1527761.0,54381.0,6496.0,47885.0,3196368.0,1402315.0,295784.0,1698099.0,1498269.0,88.23,26.8,369044.0,171860.0,191253.0,137553.0,287750.0,227528.0,113040.0,168584.0,244883.0,23838.0,16202.0,44.18,1.3,1.42,1.2,19.91,19.73,20.6,19.63,0.2588,0.2802,4814,453,-4.88,-15.47,-7.18,-11.82,-1.14,-21.36,-3.7,-18.24
2021-08,2021,8,August,1498269.0,1710356.0,91408.0,0.0,91408.0,3300033.0,1167188.0,255072.0,1422260.0,1877773.0,132.03,40.1,428254.0,191818.0,215205.0,150130.0,294101.0,232296.0,85351.0,206551.0,217984.0,56891.0,23676.0,48.76,1.44,1.55,1.35,20.16,20.0,20.93,19.78,0.2903,0.31,4825,453,11.95,-8.21,25.33,10.28,-16.77,-26.04,10.77,-11.11
2021-09,2021,9,September,1877773.0,1703740.0,74992.0,2075.0,72917.0,3656505.0,1611518.0,288583.0,1900101.0,1756404.0,92.44,28.1,418328.0,193592.0,215453.0,154590.0,310032.0,238656.0,93300.0,239743.0,237227.0,54013.0,16644.0,48.81,1.45,1.48,1.42,20.32,20.25,20.86,19.88,0.2946,0.2997,4817,453,-0.39,-8.85,-6.46,2.01,38.07,-0.04,0.69,-12.12
2021-10,2021,10,October,1756404.0,1725837.0,50450.0,5782.0,44668.0,3532691.0,1420391.0,277732.0,1698123.0,1834568.0,108.04,32.8,412882.0,194736.0,218670.0,149220.0,311477.0,273523.0,94302.0,181329.0,246159.0,19204.0,34349.0,55.51,1.46,1.51,1.41,20.58,20.46,21.26,20.1,0.3005,0.3089,4819,454,1.3,0.07,4.45,16.6,-11.86,-15.17,0.69,-2.67
2021-11,2021,11,November,1834568.0,1634932.0,97891.0,0.0,97891.0,3567391.0,1466218.0,284112.0,1750330.0,1817061.0,103.81,31.6,388562.0,179565.0,201245.0,147356.0,274757.0,212182.0,123005.0,250222.0,245323.0,57033.0,22512.0,60.48,1.41,1.44,1.38,20.22,20.14,20.66,19.94,0.2851,0.29,4804,452,-5.27,9.65,-0.95,16.31,3.23,12.58,-3.42,6.02
2021-12,2021,12,December,1817061.0,1449719.0,102768.0,11804.0,90965.0,3369548.0,1423821.0,331133.0,1754954.0,1614594.0,92.0,28.0,350493.0,168529.0,188196.0,139659.0,262332.0,238060.0,94349.0,168378.0,242076.0,15339.0,33745.0,57.53,1.26,1.24,1.27,20.07,19.95,20.44,19.91,0.2529,0.2474,4616,453,-11.33,8.7,-11.14,27.57,-2.89,-13.33,-10.64,5.88
2022-01,2022,1,January,1614594.0,1253581.0,84583.0,8357.0,76226.0,2952758.0,1155826.0,244455.0,1400281.0,1552477.0,110.87,33.7,309157.0,153173.0,174810.0,118144.0,260451.0,267226.0,79687.0,162819.0,230434.0,30277.0,17756.0,61.61,1.0972,1.0743,1.1159,19.68,19.62,19.95,19.48,0.2159,0.2108,4742,451,-13.53,11.29,-3.85,17.2,-18.82,22.0,-12.92,6.52
2022-02,2022,2,February,1552477.0,1137462.0,155507.0,0.0,155507.0,2845446.0,1111507.0,214527.0,1326034.0,1519412.0,114.58,34.8,283050.0,126669.0,143073.0,122602.0,263040.0,184994.0,56720.0,185421.0,228979.0,44777.0,12799.0,68.3,0.9899,1.0666,0.9273,19.39,19.27,19.94,19.07,0.1919,0.2055,4754,454,-9.26,2.64,-2.13,16.34,-3.83,23.42,-9.78,2.05
2022-03,2022,3,March,1519412.0,1411223.0,85150.0,0.0,85150.0,3015785.0,1281461.0,259986.0,1541447.0,1474338.0,95.65,29.1,359162.0,160693.0,180516.0,135988.0,276758.0,247184.0,69221.0,124412.0,244387.0,15853.0,15574.0,76.96,1.178,1.3216,1.0605,19.57,19.41,20.01,19.53,0.2305,0.2565,4771,456,24.07,-0.86,-2.97,2.11,15.29,7.7,19.0,-1.83
2022-04,2022,4,April,1474338.0,1462053.0,77652.0,6931.0,70722.0,3014043.0,1068238.0,301831.0,1370069.0,1643974.0,119.99,36.5,367163.0,168068.0,191019.0,144162.0,297977.0,244123.0,74472.0,169948.0,242579.0,23411.0,17035.0,73.68,1.1662,1.276,1.0765,19.83,19.65,20.53,19.58,0.2313,0.2507,4774,455,3.6,-4.32,11.51,6.34,-16.64,-20.92,-1.0,-8.89
2022-05,2022,5,May,1643974.0,1461029.0,57823.0,2990.0,54833.0,3162826.0,1369714.0,269804.0,1639518.0,1523308.0,92.91,28.2,354914.0,158408.0,179224.0,153578.0,292021.0,235647.0,81471.0,178265.0,217475.0,46345.0,8217.0,74.26,1.1976,1.2991,1.1149,19.98,19.92,20.27,19.87,0.2393,0.2588,4784,454,-0.07,-7.03,-7.34,-2.94,28.22,7.99,2.69,-9.95
2022-06,2022,6,June,1523308.0,1545111.0,59273.0,2989.0,56284.0,3127692.0,1193917.0,287939.0,1481856.0,1645836.0,111.07,33.8,378414.0,175731.0,200096.0,152589.0,278351.0,259707.0,92130.0,144695.0,212097.0,23689.0,10942.0,63.68,1.2647,1.3763,1.1735,19.66,19.61,20.34,19.14,0.2486,0.2699,4793,451,5.75,-3.8,8.04,1.96,-12.83,-15.83,5.6,-6.32
2022-07,2022,7,July,1645836.0,1573563.0,133557.0,356.0,133202.0,3352956.0,1321343.0,257305.0,1578648.0,1774308.0,112.39,34.2,383667.0,180612.0,204418.0,147247.0,304736.0,279386.0,76689.0,169029.0,221962.0,16945.0,18127.0,42.3,1.2754,1.3958,1.1774,19.86,20.01,20.18,19.2,0.2533,0.2793,4807,454,1.84,3.0,7.81,18.42,10.67,-5.77,0.85,-1.89
2022-08,2022,8,August,1774308.0,1725787.0,172151.0,836.0,171315.0,3672246.0,1298184.0,279384.0,1577568.0,2094678.0,132.78,40.4,424233.0,191354.0,215976.0,160961.0,328652.0,272311.0,101363.0,183948.0,215054.0,26753.0,14754.0,44.2,1.4468,1.5225,1.3852,19.67,19.51,20.4,19.39,0.2846,0.297,4814,456,9.67,0.9,18.06,11.55,-1.75,11.22,13.44,0.47
2022-09,2022,9,September,2094678.0,1770441.0,132303.0,6302.0,126001.0,3997422.0,1419235.0,259985.0,1679220.0,2318202.0,138.05,42.0,436189.0,189445.0,211270.0,186799.0,339708.0,275348.0,94000.0,160796.0,237680.0,29324.0,25529.0,39.72,1.5075,1.5652,1.4605,19.65,19.54,20.33,19.27,0.2962,0.3058,4824,456,2.59,3.91,10.67,31.99,9.32,-11.93,4.2,3.97
2022-10,2022,10,October,2318202.0,1813596.0,69064.0,6601.0,62463.0,4200862.0,1505769.0,283980.0,1789749.0,2411113.0,134.72,41.0,448130.0,201216.0,226996.0,204107.0,386087.0,246553.0,94894.0,262620.0,227621.0,18894.0,18513.0,38.5,1.5369,1.6093,1.4778,19.78,19.61,20.52,19.46,0.304,0.3156,4821,454,2.44,5.09,4.01,31.43,6.1,6.01,1.95,5.27
2022-11,2022,11,November,2411113.0,1680741.0,47047.0,11488.0,35559.0,4138901.0,1513031.0,334579.0,1847610.0,2291291.0,124.01,37.7,407617.0,192880.0,210833.0,195509.0,424947.0,273067.0,78752.0,181642.0,227755.0,18105.0,25915.0,42.04,1.446,1.4882,1.4114,19.76,19.46,20.33,19.85,0.2857,0.2896,4820,454,-7.33,2.8,-4.97,26.1,0.48,3.19,-5.91,2.55
2022-12,2022,12,December,2291291.0,1618833.0,64911.0,15453.0,49459.0,3975035.0,1473846.0,304615.0,1778461.0,2196574.0,123.51,37.5,399453.0,198664.0,217752.0,176625.0,404618.0,260410.0,134452.0,222427.0,228181.0,15002.0,9914.0,41.04,1.3818,1.4135,1.3562,19.55,19.23,20.06,19.76,0.2701,0.2718,4743,450,-3.68,11.67,-4.13,36.04,-2.59,3.51,-4.44,9.67
2023-01,2023,1,January,2196574.0,1380410.0,156388.0,18442.0,137946.0,3733372.0,1137066.0,328108.0,1465174.0,2268198.0,154.81,47.1,340369.0,162303.0,181645.0,162660.0,401449.0,262498.0,62102.0,202431.0,209860.0,14239.0,22494.0,40.44,1.1926,1.1882,1.1962,19.71,19.5,20.09,19.77,0.2351,0.2317,4756,448,-14.73,10.12,3.26,46.1,-22.85,-1.62,-13.69,8.69
2023-02,2023,2,February,2268198.0,1253573.0,52506.0,0.0,52506.0,3574277.0,1128047.0,326376.0,1454423.0,2119854.0,145.75,44.3,316781.0,159485.0,176250.0,140709.0,447116.0,252325.0,59803.0,210612.0,229146.0,14699.0,11694.0,40.35,1.0748,1.1161,1.0404,19.24,18.85,19.84,19.55,0.2068,0.2104,4768,450,-9.19,10.21,-6.54,39.52,-0.79,1.49,-9.88,8.58
2023-03,2023,3,March,2119854.0,1288354.0,39772.0,5895.0,33877.0,3447980.0,1485300.0,288658.0,1773958.0,1674022.0,94.37,28.7,323743.0,157590.0,173957.0,129950.0,421584.0,199539.0,84625.0,193903.0,260412.0,32127.0,20728.0,43.18,1.0933,1.0748,1.1087,19.59,19.22,20.29,19.67,0.2142,0.2066,4772,449,2.77,-8.71,-21.03,13.54,31.67,15.91,1.72,-7.19
2023-04,2023,4,April,1674022.0,1194559.0,43118.0,0.0,43118.0,2911699.0,1090074.0,323748.0,1413822.0,1497877.0,105.95,32.2,293454.0,130981.0,143202.0,144244.0,351225.0,189039.0,85258.0,170772.0,221005.0,4340.0,13815.0,43.7,0.9986,0.9637,1.0276,20.03,19.8,20.46,20.06,0.2,0.1908,4782,451,-7.28,-18.3,-10.52,-8.89,-26.61,2.04,-8.66,-14.37
2023-05,2023,5,May,1497877.0,1517634.0,80926.0,0.0,80926.0,3096437.0,1080817.0,325416.0,1406233.0,1690204.0,120.19,36.5,367710.0,172167.0,190665.0,140861.0,333757.0,189520.0,92524.0,177877.0,228042.0,13568.0,16153.0,39.19,1.2274,1.2081,1.2435,20.01,19.74,20.59,20.04,0.2456,0.2385,4795,450,27.05,3.87,12.84,10.96,-0.85,-21.09,22.91,2.49
2023-06,2023,6,June,1690204.0,1447697.0,135271.0,8469.0,126801.0,3273172.0,1172116.0,382285.0,1554401.0,1718771.0,110.57,33.6,350516.0,161748.0,180848.0,132393.0,349547.0,190435.0,64325.0,136568.0,224642.0,12927.0,6163.0,36.55,1.2113,1.1786,1.2386,19.83,19.58,20.47,19.75,0.2402,0.2308,4804,447,-4.61,-6.3,1.69,4.43,8.45,-1.83,-1.31,-4.22
2023-07,2023,7,July,1718771.0,1609927.0,103837.0,6608.0,97229.0,3432535.0,1358131.0,340504.0,1698635.0,1733900.0,102.08,31.0,386841.0,172242.0,190110.0,147401.0,352236.0,213668.0,77729.0,190995.0,229246.0,16801.0,7943.0,40.11,1.3718,1.3937,1.3537,19.54,19.41,20.05,19.4,0.268,0.2705,4813,447,11.21,2.31,0.88,-2.28,15.87,2.78,13.25,7.56
2023-08,2023,8,August,1733900.0,1753472.0,110621.0,0.0,110621.0,3597993.0,1221317.0,265696.0,1487013.0,2110980.0,141.96,43.2,420216.0,192612.0,211963.0,152889.0,361276.0,229088.0,91866.0,195987.0,253771.0,21732.0,3277.0,39.58,1.4954,1.5552,1.446,19.92,19.66,20.64,19.85,0.2979,0.3058,4821,446,8.92,1.6,21.75,0.78,-10.07,-5.92,9.01,3.36
2023-09,2023,9,September,2110980.0,1829434.0,49054.0,0.0,49054.0,3989468.0,1210752.0,466387.0,1677139.0,2312329.0,137.87,41.9,446094.0,193050.0,211104.0,184755.0,367820.0,234023.0,84441.0,211057.0,239106.0,27093.0,12129.0,38.5,1.5793,1.6358,1.5326,20.08,19.93,20.6,19.94,0.3171,0.326,4826,444,4.33,3.33,9.54,-0.25,-0.87,-14.69,5.61,4.76
2023-10,2023,10,October,2312329.0,1937224.0,47557.0,8641.0,38916.0,4297110.0,1480686.0,369386.0,1850072.0,2447038.0,132.27,40.2,469404.0,215649.0,235318.0,187041.0,412940.0,285341.0,90972.0,173441.0,264951.0,51462.0,15246.0,37.38,1.6455,1.7184,1.5849,20.34,20.27,20.78,20.05,0.3347,0.3483,4822,447,5.89,6.82,5.83,1.49,22.29,-1.67,4.19,7.07
2023-11,2023,11,November,2447038.0,1788870.0,39696.0,0.0,39696.0,4275604.0,1406537.0,466456.0,1872993.0,2402611.0,128.28,39.0,431641.0,207446.0,227949.0,176773.0,450085.0,250972.0,99894.0,269424.0,259128.0,28522.0,13310.0,38.38,1.5445,1.6351,1.4694,20.11,19.92,20.67,19.99,0.3106,0.3257,4828,448,-7.66,6.43,-1.82,4.86,-5.01,-7.04,-6.14,6.81
2023-12,2023,12,December,2402611.0,1550796.0,40062.0,11103.0,28959.0,3993469.0,1363288.0,339388.0,1702676.0,2290793.0,134.54,40.9,371204.0,191236.0,210383.0,147412.0,418759.0,308127.0,88261.0,178436.0,244026.0,7283.0,9683.0,38.02,1.3548,1.422,1.2993,19.7,19.49,20.09,19.79,0.2669,0.2771,4783,446,-13.31,-4.2,-4.65,4.29,-3.07,-7.5,-12.28,-1.95
2024-01,2024,1,January,2290793.0,1402355.0,29494.0,3951.0,25543.0,3722642.0,1349369.0,352879.0,1702248.0,2020394.0,118.69,36.1,341747.0,161629.0,177825.0,138031.0,399631.0,256387.0,68492.0,231398.0,254656.0,40559.0,17597.0,39.28,1.2474,1.2854,1.2158,19.37,18.98,19.99,19.63,0.2416,0.244,4749,451,-9.57,1.59,-11.8,-10.93,-1.02,18.67,-7.93,4.6
2024-02,2024,2,February,2020394.0,1259382.0,32556.0,8592.0,23964.0,3312332.0,1025538.0,366448.0,1391986.0,1920346.0,137.96,41.9,301671.0,139336.0,153119.0,138866.0,365127.0,255030.0,55639.0,136195.0,255733.0,29378.0,4535.0,41.03,1.0864,1.1588,1.0263,19.84,19.6,20.35,19.91,0.2155,0.2271,4759,450,-10.2,0.46,-4.95,-9.41,-24.0,-9.09,-12.91,1.08
2024-03,2024,3,March,1920346.0,1392471.0,21894.0,0.0,21894.0,3334711.0,1329120.0,292934.0,1622054.0,1712657.0,105.59,32.1,343850.0,166508.0,181010.0,127637.0,351607.0,231506.0,82389.0,188262.0,263367.0,17344.0,11686.0,44.36,1.1708,1.2973,1.0661,19.8,19.57,20.61,19.58,0.2318,0.2539,4772,451,10.57,8.08,-10.82,2.31,29.6,-10.52,7.77,7.09
2024-04,2024,4,April,1712657.0,1501905.0,34762.0,0.0,34762.0,3249324.0,1236523.0,267928.0,1504451.0,1744873.0,115.98,35.3,367420.0,154134.0,171746.0,166713.0,347034.0,196762.0,85901.0,220602.0,232854.0,33778.0,12774.0,45.01,1.2706,1.4283,1.1401,19.76,19.38,20.84,19.66,0.2511,0.2768,4775,449,7.86,25.73,1.88,16.49,-6.97,13.43,8.52,27.24
2024-05,2024,5,May,1744873.0,1704495.0,20761.0,0.0,20761.0,3470129.0,1385079.0,331385.0,1716464.0,1753665.0,102.17,31.1,408326.0,194180.0,212539.0,158531.0,357421.0,252237.0,87847.0,136726.0,257769.0,22483.0,15842.0,41.07,1.4352,1.6604,1.2486,19.52,19.19,20.63,19.4,0.2802,0.3186,4783,451,13.49,12.31,0.5,3.75,12.01,28.15,12.95,16.93
2024-06,2024,6,June,1753665.0,1615283.0,11738.0,0.0,11738.0,3380686.0,1210309.0,338806.0,1549115.0,1831571.0,118.23,35.9,367852.0,171008.0,187531.0,162332.0,326711.0,225419.0,92403.0,213418.0,216524.0,14460.0,11214.0,41.87,1.4025,1.6116,1.2297,19.24,19.14,19.83,18.96,0.2698,0.3085,4795,448,-5.23,11.58,4.44,6.56,-12.62,3.26,-2.28,15.78
2024-07,2024,7,July,1831571.0,1840999.0,10483.0,504.0,9979.0,3683053.0,1696239.0,232209.0,1928448.0,1754605.0,90.99,27.7,427342.0,205829.0,226647.0,157242.0,332155.0,230889.0,109407.0,217365.0,270333.0,10427.0,22611.0,43.2,1.5591,1.8043,1.3571,19.44,19.43,19.91,19.07,0.3031,0.3506,4808,451,13.97,14.35,-4.2,1.19,40.15,24.9,11.17,13.65
2024-08,2024,8,August,1754605.0,1893859.0,9970.0,0.0,9970.0,3658434.0,1535194.0,239775.0,1774969.0,1883465.0,106.11,32.3,455976.0,207194.0,227302.0,179446.0,374917.0,284565.0,87930.0,173845.0,274656.0,29963.0,13726.0,41.81,1.6526,1.8937,1.4542,19.68,19.55,20.76,19.14,0.3252,0.3702,4818,450,2.87,8.01,7.34,-10.78,-9.49,25.7,6.0,10.51
2024-09,2024,9,September,1883465.0,1821933.0,5482.0,0.0,5482.0,3710880.0,1559639.0,139131.0,1698770.0,2012110.0,118.45,36.0,433785.0,193836.0,215166.0,188936.0,360672.0,237178.0,126431.0,232944.0,256979.0,16793.0,10887.0,42.84,1.5755,1.7581,1.4251,20.07,19.85,21.13,19.65,0.3162,0.349,4832,449,-3.8,-0.41,6.83,-12.98,1.59,28.82,-4.67,-0.24
2024-10,2024,10,October,2012110.0,1797348.0,16347.0,0.0,16347.0,3825805.0,1744333.0,196278.0,1940611.0,1885194.0,97.14,29.5,416078.0,209046.0,232637.0,141305.0,311417.0,255815.0,150012.0,273307.0,263724.0,13469.0,3749.0,47.03,1.5471,1.6278,1.4806,20.03,19.95,20.91,19.31,0.3099,0.3247,4845,449,-1.35,-7.22,-6.31,-22.96,11.84,17.81,-1.8,-5.98
2024-11,2024,11,November,1885194.0,1621294.0,22081.0,0.0,22081.0,3528569.0,1490357.0,202571.0,1692928.0,1835641.0,108.43,33.0,361340.0,176292.0,197095.0,128752.0,285497.0,288760.0,108628.0,194901.0,224194.0,11784.0,8472.0,55.52,1.4202,1.5062,1.3493,19.83,19.64,20.9,19.23,0.2816,0.2958,4838,450,-9.8,-9.37,-2.63,-23.6,-14.56,5.96,-8.2,-8.05
2024-12,2024,12,December,1835641.0,1486942.0,37917.0,0.0,37917.0,3360500.0,1341784.0,309960.0,1651744.0,1708756.0,103.45,31.4,336558.0,156926.0,172826.0,128651.0,273916.0,246053.0,95273.0,177553.0,223513.0,15231.0,20291.0,56.71,1.3369,1.3838,1.298,,,,,,,4807,,-8.29,-4.12,-6.91,-25.41,-9.97,-1.58,-5.87,-1.32
2025-01,2025,1,January,1708756.0,1239895.0,88474.0,,88474.0,3037125.0,1179907.0,276284.0,1456191.0,1580934.0,108.57,33.0,291524.0,137158.0,151813.0,123294.0,282483.0,197560.0,58305.0,177396.0,231790.0,33795.0,5708.0,51.88,1.1505,1.1632,1.1399,19.23,19.08,20.0,18.85,0.2212,0.2219,4762,445,-16.61,-11.58,-7.48,-21.75,-12.06,-12.56,-13.94,-7.77
2025-02,2025,2,February,1580934.0,1188443.0,66784.0,,66784.0,2836161.0,996472.0,329747.0,1326219.0,1509942.0,113.85,34.6,284959.0,130146.0,142997.0,125098.0,276430.0,151119.0,58144.0,194894.0,198235.0,42052.0,12699.0,52.75,1.0642,1.0777,1.0531,19.05,19.17,19.41,18.48,0.2027,0.2066,4778,448,-4.15,-5.63,-4.49,-21.37,-15.55,-2.83,-7.5,-2.04
2025-03,2025,3,March,1509942.0,1387616.0,121886.0,,121886.0,3019444.0,1005641.0,449972.0,1455613.0,1563831.0,107.43,32.7,336921.0,149923.0,172651.0,143272.0,270434.0,180646.0,56336.0,122977.0,209418.0,14947.0,12678.0,52.5,1.2011,1.2585,1.1538,19.15,18.99,19.43,19.26,0.23,0.239,4790,447,16.76,-0.35,3.57,-8.69,0.92,-24.34,12.86,2.59
2025-04,2025,4,April,1563831.0,1686379.0,58292.0,,58292.0,3308502.0,1104384.0,338582.0,1442966.0,1865536.0,129.28,39.3,409097.0,176644.0,192857.0,180583.0,307299.0,235458.0,98995.0,140833.0,217554.0,23589.0,14287.0,47.96,1.4844,1.6376,1.358,19.55,19.24,20.09,19.8,0.2902,0.3151,4796,447,21.53,12.28,19.29,6.92,9.82,-10.69,23.59,16.83
2025-05,2025,5,May,1865536.0,1771621.0,68971.0,,68971.0,3706128.0,1407595.0,315638.0,1723233.0,1982895.0,115.07,35.0,420658.0,210512.0,231568.0,167479.0,288114.0,268145.0,119020.0,193328.0,233192.0,32850.0,8074.0,43.2,1.4857,1.6394,1.3586,19.89,19.6,20.45,20.12,0.2955,0.3213,4811,450,5.05,3.94,6.29,13.07,27.46,1.63,0.09,3.52
2025-06,2025,6,June,1982895.0,1692370.0,69715.0,,69715.0,3744980.0,1260973.0,452758.0,1713731.0,2031249.0,118.53,36.0,396879.0,192665.0,213398.0,160107.0,286520.0,276881.0,86814.0,189774.0,203628.0,2809.0,11926.0,42.63,1.4522,1.6679,1.273,19.8,19.55,20.45,19.87,0.2875,0.3261,4823,449,-4.47,4.77,2.44,10.9,-10.42,4.19,-2.25,3.54
2025-07,2025,7,July,2031249.0,1812467.0,61039.0,,53223.0,3904755.0,1328798.0,462076.0,1790874.0,2113881.0,118.04,35.9,431615.0,218239.0,238511.0,137623.0,321019.0,267545.0,90069.0,254239.0,249149.0,49195.0,24516.0,44.79,1.5358,1.8909,1.243,19.82,19.77,20.43,19.38,0.3044,0.3738,4834,449,7.1,-1.55,4.07,20.48,5.38,-21.66,5.76,-1.49
2025-08,2025,8,August,2113881.0,1854756.0,58538.0,,58538.0,4027175.0,1326991.0,498566.0,1825557.0,2201618.0,120.6,36.7,443077.0,208655.0,227473.0,147658.0,331190.0,309796.0,110039.0,175874.0,231151.0,30833.0,14082.0,47.35,1.6333,1.9076,1.407,19.8,19.88,20.24,19.21,0.3234,0.3792,4846,450,2.33,-2.06,4.15,16.89,-0.14,-13.56,6.35,-1.17
2025-09,2025,9,September,2201618.0,1840983.0,78413.0,,78413.0,4121014.0,1429575.0,331867.0,1761442.0,2359572.0,133.96,40.7,432368.0,197197.0,216465.0,158230.0,289515.0,288958.0,117803.0,256412.0,234969.0,34958.0,5664.0,48.36,1.6538,1.8491,1.4922,19.73,19.72,20.2,19.36,0.3263,0.3646,4856,452,-0.74,1.05,7.17,17.27,7.73,-8.34,1.26,4.97
2025-10,2025,10,October,2359572.0,2043886.0,36283.0,,36283.0,4439741.0,1696495.0,234850.0,1931345.0,2508396.0,129.88,39.5,477775.0,210529.0,229765.0,189015.0,298716.0,299160.0,100662.0,217177.0,254581.0,22979.0,8695.0,48.68,1.805,1.9437,1.6885,20.04,19.89,20.69,19.83,0.3617,0.3866,4857,451,11.02,13.72,6.31,33.06,18.67,-2.74,9.14,16.67
2025-11,2025,11,November,2508396.0,1935510.0,23176.0,,23176.0,4467082.0,1204150.0,427354.0,1631504.0,2835578.0,173.8,52.8,442266.0,207679.0,225357.0,186737.0,314840.0,280195.0,87265.0,228295.0,212395.0,47059.0,3365.0,44.75,1.6928,1.7878,1.6145,20.35,20.25,21.01,19.95,0.3445,0.362,4867,451,-5.3,19.38,13.04,54.47,-29.02,-19.2,-6.22,19.19
2025-12,2025,12,December,2835578.0,1829549.0,33292.0,,33292.0,4698419.0,1331850.0,315422.0,1647272.0,3051147.0,185.22,56.3,434616.0,209838.0,229985.0,183549.0,329746.0,249493.0,100224.0,280296.0,208859.0,18714.0,20567.0,43.79,1.6117,1.6643,1.5673,19.91,19.71,20.71,19.57,0.3209,0.328,4808,452,-5.47,23.04,7.6,78.56,10.6,-0.74,-4.79,20.56
2026-01,2026,1,January,3051147.0,1576013.0,37224.0,0.0,37224.0,4664384.0,1453143.0,397042.0,1850185.0,2814199.0,152.1,46.2,377480.0,197680.0,214820.0,144487.0,403819.0,228985.0,55288.0,247692.0,222331.0,18712.0,11648.0,43.75,1.3837,1.4046,1.3664,20.05,20.01,20.99,19.16,0.2774,0.2811,4843,450,-13.86,27.11,-7.77,78.01,9.11,23.16,-14.15,20.27
2026-02,2026,2,February,2814199.0,1283694.0,76276.0,0.0,76276.0,4174169.0,1075944.0,395929.0,1471873.0,2702296.0,183.6,55.8,303962.0,145716.0,158237.0,150437.0,376334.0,225871.0,46857.0,188746.0,203006.0,16006.0,9553.0,44.69,1.1423,1.1851,1.1067,19.95,20.11,20.14,19.35,0.2279,0.2383,4851,449,-18.55,8.01,-3.98,78.97,-25.96,7.98,-17.45,7.34
2026-03,2026,3,March,2702296.0,1376672.0,66801.0,0.0,66801.0,4145769.0,1509953.0,366643.0,1876596.0,2269173.0,120.92,36.8,325320.0,162127.0,176406.0,138338.0,340429.0,220795.0,77828.0,180104.0,251476.0,12908.0,8598.0,47.77,1.1838,1.1896,1.179,20.23,20.13,20.83,19.86,0.2395,0.2395,4861,448,7.24,-0.79,-16.03,45.1,40.34,50.15,3.63,-1.44
2026-04,2026,4,April,2269173.0,1629739.0,75846.0,0.0,75846.0,3974758.0,1292568.0,374710.0,1667278.0,2307480.0,138.4,42.1,390124.0,192268.0,214403.0,133774.0,335236.0,187019.0,110461.0,273536.0,298112.0,37825.0,11103.0,50.55,1.3389,1.3538,1.3266,20.49,20.1,21.54,20.42,0.2743,0.2721,4870,450,18.38,-3.36,1.69,23.69,-14.4,17.04,13.1,-9.8
2026-05,2026,5,May,2307480.0,1515912.0,43816.0,0.0,43816.0,3867208.0,1133879.0,307236.0,1441115.0,2426093.0,168.35,51.2,352697.0,174871.0,193362.0,124102.0,329793.0,236132.0,85983.0,177880.0,255673.0,41361.0,8665.0,49.53,1.2723,1.2672,1.2765,20.11,19.68,21.25,20.05,0.2559,0.2494,4875,451,-6.98,-14.43,5.14,22.35,-12.28,-19.45,-4.97,-14.36
2026-06,2026,6,June,2426093.0,1638475.0,103113.0,0.0,103113.0,4167681.0,1215850.0,410189.0,1626039.0,2541642.0,156.31,47.5,381480.0,174071.0,195534.0,135039.0,338209.0,214405.0,83712.0,222887.0,225098.0,4817.0,5978.0,48.9,1.4109,1.4919,1.3439,19.67,19.46,20.88,19.06,0.2775,0.2903,4878,451,8.09,-3.18,4.76,25.13,7.23,-3.58,10.89,-2.84
2026-07,2026,7,July,2541642.0,1792596.0,49566.0,0.0,49566.0,4383804.0,1399579.0,356326.0,1755905.0,2627899.0,149.66,45.5,422272.0,199392.0,215304.0,138335.0,341243.0,235941.0,82261.0,203454.0,267576.0,28745.0,11545.0,49.5,1.5425,1.6625,1.4428,19.81,19.69,20.86,19.25,0.3056,0.3273,4824,451,9.41,-1.1,3.39,24.32,15.11,5.33,9.33,0.44
2026-08,2026,8,August,2627899.0,1817499.0,49524.0,0.0,49524.0,4494922.0,1294664.0,375770.0,1670434.0,2824488.0,169.09,51.4,430599.0,199589.0,215847.0,148481.0,339200.0,246022.0,112879.0,216584.0,233545.0,35240.0,13985.0,49.76,1.5692,1.7373,1.4294,20.01,19.88,21.06,19.58,0.314,0.3454,4830,451,1.39,-2.01,7.48,28.29,-7.5,-2.44,1.73,-3.92
