marketing_year,destination,amount_mil_bu
1988/89,Algeria,0.2201
1988/89,Bangladesh,0.4273
1988/89,Barbados,0.0185
1988/89,Belgium,0.0447
1988/89,Belize,0.0037
1988/89,Benin,0.0113
1988/89,Cameroon,0.0019
1988/89,Canada,0.0103
1988/89,China,3.1453
1988/89,Colombia,0.1837
1988/89,Congo (Kinshasa),0.0339
1988/89,Costa Rica,0.0677
1988/89,Cyprus,0.0082
1988/89,Dominican Republic,0.0567
1988/89,Ecuador,0.1337
1988/89,Egypt,1.2274
1988/89,El Salvador,0.0304
1988/89,Finland,0.0432
1988/89,"Former USSR, Begins 1/1989 & Ends 1/1993",3.9197
1988/89,France,0.0
1988/89,French Polynesia,0.0003
1988/89,Gabon,0.0015
1988/89,"Germany, Fed. Republic; United, Begins 1",0.0001
1988/89,Grenada,0.0015
1988/89,Guadeloupe,0.0003
1988/89,Guatemala,0.0632
1988/89,Guyana,0.013
1988/89,Haiti,0.0741
1988/89,Honduras,0.0281
1988/89,Hong Kong,0.0664
1988/89,India,0.0073
1988/89,Indonesia,0.0434
1988/89,Iraq,0.2294
1988/89,Ireland,0.0055
1988/89,Israel,0.1701
1988/89,Italy,0.0595
1988/89,Jamaica,0.0272
1988/89,Japan,1.0184
1988/89,Jordan,0.1004
1988/89,Kenya,0.0274
1988/89,Malawi,0.02
1988/89,Malaysia,0.0073
1988/89,Mexico,0.3664
1988/89,Morocco,0.4022
1988/89,Netherlands Antilles,0.0053
1988/89,"New Zealand, No Islands (=Old Code 6140)",0.0131
1988/89,Norway,0.0252
1988/89,Pakistan,0.913
1988/89,Panama,0.0326
1988/89,Peru,0.0361
1988/89,Philippines,0.4655
1988/89,Portugal,0.0694
1988/89,Republic Of South Africa,0.0003
1988/89,Samoa,0.0001
1988/89,Sierra Leone,0.0058
1988/89,Singapore,0.0144
1988/89,Somalia,0.012
1988/89,South Korea,0.7384
1988/89,Spain,0.0084
1988/89,Sri Lanka,0.2524
1988/89,St. Vincent And The Grenadines,0.0118
1988/89,Sudan,0.014
1988/89,Suriname,0.0108
1988/89,Switzerland,0.0001
1988/89,Taiwan,0.3263
1988/89,Thailand,0.0445
1988/89,Togo,0.0178
1988/89,Trinidad And Tobago,0.0396
1988/89,Tunisia,0.0549
1988/89,Turkey,0.0512
1988/89,Unidentified Country,0.3689
1988/89,United Kingdom,0.0045
1988/89,Venezuela,0.2442
1988/89,Zambia,0.0187
1989/90,Algeria,1.0681
1989/90,Bangladesh,0.5356
1989/90,Barbados,0.0157
1989/90,Belgium,0.1847
1989/90,Belize,0.013
1989/90,Benin,0.0279
1989/90,Bolivia,0.1038
1989/90,Brazil,0.1332
1989/90,Burkina Faso,0.0028
1989/90,Canada,0.001
1989/90,China,5.5148
1989/90,Colombia,0.4358
1989/90,Congo (Brazzaville),0.005
1989/90,Congo (Kinshasa),0.125
1989/90,Costa Rica,0.1546
1989/90,Cyprus,0.0283
1989/90,Denmark,0.0001
1989/90,Dominican Republic,0.2192
1989/90,Ecuador,0.3073
1989/90,Egypt,2.7728
1989/90,El Salvador,0.1527
1989/90,"Ethiopia, United Ends 6/1993 & New Begin",0.1447
1989/90,Finland,0.0164
1989/90,"Former USSR, Begins 1/1989 & Ends 1/1993",4.2897
1989/90,France,0.0015
1989/90,French Polynesia,0.0006
1989/90,Gabon,0.0059
1989/90,"Germany, Fed. Republic; United, Begins 1",0.0001
1989/90,Ghana,0.0354
1989/90,Greece,0.0007
1989/90,Grenada,0.0075
1989/90,Guadeloupe,0.0011
1989/90,Guatemala,0.1601
1989/90,Guyana,0.0509
1989/90,Haiti,0.1148
1989/90,Honduras,0.1054
1989/90,Hong Kong,0.1024
1989/90,India,0.0155
1989/90,Indonesia,0.191
1989/90,Iraq,1.0588
1989/90,Israel,0.5642
1989/90,Italy,0.5231
1989/90,Ivory Coast,0.0101
1989/90,Jamaica,0.1517
1989/90,Japan,2.9261
1989/90,Jordan,0.5029
1989/90,Kenya,0.0183
1989/90,Kuwait,0.0538
1989/90,Liberia,0.0018
1989/90,Malaysia,0.0452
1989/90,Mauritania,0.02
1989/90,Mexico,0.2371
1989/90,Morocco,0.4906
1989/90,Mozambique,0.015
1989/90,Netherlands,0.0014
1989/90,Netherlands Antilles,0.0087
1989/90,New Caledonia,0.0001
1989/90,"New Zealand, No Islands (=Old Code 6140)",0.0097
1989/90,Niger,0.0062
1989/90,Norway,0.0254
1989/90,Pakistan,1.2529
1989/90,Panama,0.0758
1989/90,Peru,0.1963
1989/90,Philippines,0.7782
1989/90,Poland,0.0325
1989/90,Portugal,0.124
1989/90,Republic Of South Africa,0.0007
1989/90,Saudi Arabia,0.1299
1989/90,Senegal,0.0051
1989/90,Sierra Leone,0.0037
1989/90,Singapore,0.0395
1989/90,South Korea,1.4831
1989/90,Spain,0.0181
1989/90,Sri Lanka,0.649
1989/90,St. Vincent And The Grenadines,0.0267
1989/90,Sudan,0.1286
1989/90,Suriname,0.0244
1989/90,Sweden,0.0
1989/90,Switzerland,0.0013
1989/90,Syria,0.0262
1989/90,Taiwan,0.6674
1989/90,Thailand,0.1242
1989/90,Togo,0.0436
1989/90,Trinidad And Tobago,0.0874
1989/90,Tunisia,0.3496
1989/90,Turkey,0.6454
1989/90,Unidentified Country,0.6923
1989/90,United Kingdom,0.03
1989/90,Venezuela,0.672
1989/90,"Yemen (Sana), Ends 9/1990 & United Begin",0.0495
1990/91,Algeria,1.2944
1990/91,Angola,0.0115
1990/91,"Australia (No Islands), (=Old Code 6020)",0.0004
1990/91,Bangladesh,0.5158
1990/91,Barbados,0.024
1990/91,Belgium,0.1222
1990/91,Belize,0.0145
1990/91,Benin,0.0747
1990/91,Bolivia,0.066
1990/91,Burkina Faso,0.0083
1990/91,Cameroon,0.0088
1990/91,Canada,0.0002
1990/91,Chile,0.0861
1990/91,China,3.6013
1990/91,Colombia,0.4961
1990/91,Congo (Brazzaville),0.005
1990/91,Congo (Kinshasa),0.1461
1990/91,Costa Rica,0.138
1990/91,Cyprus,0.0255
1990/91,Dominican Republic,0.1781
1990/91,Ecuador,0.4229
1990/91,Egypt,2.4296
1990/91,El Salvador,0.1653
1990/91,"Ethiopia, United Ends 6/1993 & New Begin",0.1635
1990/91,Finland,0.027
1990/91,"Former USSR, Begins 1/1989 & Ends 1/1993",2.77
1990/91,"Former Yugoslavia, Ends 5/1992",0.0147
1990/91,France,0.0011
1990/91,French Polynesia,0.0007
1990/91,Gabon,0.0097
1990/91,"Germany, Fed. Republic; United, Begins 1",0.0002
1990/91,Ghana,0.0438
1990/91,Greece,0.0024
1990/91,Grenada,0.0135
1990/91,Guadeloupe,0.004
1990/91,Guatemala,0.1959
1990/91,Guyana,0.0476
1990/91,Haiti,0.0676
1990/91,Honduras,0.1163
1990/91,Hong Kong,0.1311
1990/91,India,0.0261
1990/91,Indonesia,0.192
1990/91,Israel,0.4914
1990/91,Italy,0.3641
1990/91,Ivory Coast,0.029
1990/91,Jamaica,0.1131
1990/91,Japan,3.0366
1990/91,Jordan,0.644
1990/91,Kenya,0.0619
1990/91,Liberia,0.0018
1990/91,Malaysia,0.0576
1990/91,Mali,0.006
1990/91,Malta And Gozo,0.0369
1990/91,Mauritania,0.0227
1990/91,Mexico,0.3556
1990/91,Morocco,0.5887
1990/91,Mozambique,0.0201
1990/91,Netherlands,0.0051
1990/91,Netherlands Antilles,0.0121
1990/91,New Caledonia,0.0003
1990/91,"New Zealand, No Islands (=Old Code 6140)",0.0659
1990/91,Nicaragua,0.0666
1990/91,Niger,0.0075
1990/91,Norway,0.0486
1990/91,Pakistan,0.6921
1990/91,Panama,0.076
1990/91,Peru,0.2188
1990/91,Philippines,1.3026
1990/91,Poland,0.1247
1990/91,Portugal,0.0986
1990/91,Republic Of South Africa,0.1005
1990/91,Saudi Arabia,0.1569
1990/91,Senegal,0.0134
1990/91,Sierra Leone,0.0078
1990/91,Singapore,0.0278
1990/91,South Korea,1.8627
1990/91,Spain,0.022
1990/91,Sri Lanka,0.4234
1990/91,St. Vincent And The Grenadines,0.0305
1990/91,Sudan,0.1532
1990/91,Suriname,0.0247
1990/91,Switzerland,0.003
1990/91,Taiwan,0.7147
1990/91,Thailand,0.2324
1990/91,Togo,0.0409
1990/91,Trinidad And Tobago,0.1115
1990/91,Tunisia,0.4859
1990/91,Unidentified Country,0.5154
1990/91,United Kingdom,0.0186
1990/91,Venezuela,0.4968
1990/91,"Yemen (Sana), Ends 9/1990 & United Begin",0.2418
1990/91,Zimbabwe,0.0199
1991/92,Albania,0.04
1991/92,Algeria,0.7343
1991/92,Antigua & Barbuda,0.0
1991/92,Armenia,0.003
1991/92,Bangladesh,0.7443
1991/92,Barbados,0.0177
1991/92,Belgium,0.0776
1991/92,Belize,0.0162
1991/92,Benin,0.063
1991/92,Bolivia,0.1182
1991/92,Brazil,0.6432
1991/92,Burkina Faso,0.0045
1991/92,Cameroon,0.0556
1991/92,Canada,0.0212
1991/92,China,5.4216
1991/92,Colombia,0.2653
1991/92,Congo (Brazzaville),0.005
1991/92,Congo (Kinshasa),0.1072
1991/92,Costa Rica,0.1262
1991/92,Cyprus,0.0327
1991/92,Djibouti,0.0062
1991/92,Dominican Republic,0.0916
1991/92,Ecuador,0.1653
1991/92,Egypt,3.2328
1991/92,El Salvador,0.1386
1991/92,Estonia,0.0925
1991/92,"Ethiopia, United Ends 6/1993 & New Begin",0.2151
1991/92,Finland,0.0253
1991/92,"Former USSR, Begins 1/1989 & Ends 1/1993",5.393
1991/92,France,0.0001
1991/92,French Polynesia,0.0008
1991/92,Gabon,0.0117
1991/92,"Germany, Fed. Republic; United, Begins 1",0.0001
1991/92,Ghana,0.073
1991/92,Greece,0.0004
1991/92,Grenada,0.012
1991/92,Guadeloupe,0.0032
1991/92,Guatemala,0.2036
1991/92,Guyana,0.0622
1991/92,Haiti,0.052
1991/92,Honduras,0.1224
1991/92,Hong Kong,0.1747
1991/92,India,0.0116
1991/92,Indonesia,0.0151
1991/92,Israel,0.4822
1991/92,Italy,0.4149
1991/92,Ivory Coast,0.0332
1991/92,Jamaica,0.1384
1991/92,Japan,3.172
1991/92,Jordan,0.1019
1991/92,Kenya,0.0647
1991/92,Kuwait,0.0283
1991/92,Malaysia,0.08
1991/92,Mali,0.003
1991/92,Malta And Gozo,0.0105
1991/92,Mauritania,0.003
1991/92,Mexico,0.1731
1991/92,Mongolia,0.03
1991/92,Morocco,0.2233
1991/92,Mozambique,0.01
1991/92,Netherlands,0.0058
1991/92,Netherlands Antilles,0.0154
1991/92,New Caledonia,0.0004
1991/92,"New Zealand, No Islands (=Old Code 6140)",0.0341
1991/92,Nicaragua,0.044
1991/92,Norway,0.0703
1991/92,Pakistan,1.2709
1991/92,Panama,0.0876
1991/92,Peru,0.1849
1991/92,Philippines,1.3008
1991/92,Poland,0.0505
1991/92,Republic Of South Africa,0.0018
1991/92,"Russian Federation, Begins 2/1992",1.4005
1991/92,Saudi Arabia,0.1601
1991/92,Senegal,0.0256
1991/92,Sierra Leone,0.0294
1991/92,Singapore,0.0261
1991/92,Somalia,0.0059
1991/92,South Korea,1.526
1991/92,Spain,0.0273
1991/92,Sri Lanka,0.6028
1991/92,St. Vincent And The Grenadines,0.031
1991/92,Sudan,0.0781
1991/92,Suriname,0.0247
1991/92,Switzerland,0.0022
1991/92,Taiwan,0.8127
1991/92,Thailand,0.1895
1991/92,Togo,0.0668
1991/92,Trinidad And Tobago,0.133
1991/92,Tunisia,0.1806
1991/92,Ukraine,0.0045
1991/92,Unidentified Country,0.844
1991/92,United Kingdom,0.0015
1991/92,Venezuela,0.3349
1991/92,"Yemen (Sana), Ends 9/1990 & United Begin",0.2955
1992/93,Albania,0.006
1992/93,Algeria,0.8735
1992/93,Argentina,0.014
1992/93,Armenia,0.1367
1992/93,Austria,0.0002
1992/93,Bangladesh,0.5796
1992/93,Barbados,0.0217
1992/93,Belarus,0.05
1992/93,Belgium,0.0898
1992/93,Belize,0.0154
1992/93,Benin,0.0571
1992/93,Bolivia,0.1538
1992/93,Botswana,0.0157
1992/93,Brazil,0.1506
1992/93,Burkina Faso,0.006
1992/93,Cameroon,0.0927
1992/93,Canada,0.0276
1992/93,Chile,0.0309
1992/93,China,2.2578
1992/93,Colombia,0.2426
1992/93,Congo (Brazzaville),0.0025
1992/93,Congo (Kinshasa),0.0823
1992/93,Costa Rica,0.1472
1992/93,Croatia,0.0006
1992/93,Cyprus,0.0584
1992/93,Djibouti,0.0037
1992/93,Dominican Republic,0.2152
1992/93,Ecuador,0.1424
1992/93,Egypt,3.2184
1992/93,El Salvador,0.1577
1992/93,Estonia,0.0326
1992/93,"Ethiopia, United Ends 6/1993 & New Begin",0.2472
1992/93,Finland,0.0183
1992/93,"Former USSR, Begins 1/1989 & Ends 1/1993",0.082
1992/93,France,0.0022
1992/93,French Polynesia,0.0001
1992/93,Gabon,0.0057
1992/93,Georgia,0.1359
1992/93,"Germany, Fed. Republic; United, Begins 1",0.0001
1992/93,Ghana,0.1119
1992/93,Greece,0.0005
1992/93,Grenada,0.009
1992/93,Guadeloupe,0.0006
1992/93,Guatemala,0.1989
1992/93,Guyana,0.0443
1992/93,Haiti,0.0073
1992/93,Honduras,0.1222
1992/93,Hong Kong,0.1305
1992/93,Iceland,0.0005
1992/93,India,0.8627
1992/93,Indonesia,0.0057
1992/93,Ireland,0.0
1992/93,Israel,0.5561
1992/93,Italy,0.3249
1992/93,Ivory Coast,0.0174
1992/93,Jamaica,0.1349
1992/93,Japan,3.4815
1992/93,Jordan,0.4373
1992/93,Kuwait,0.0725
1992/93,Kyrgyzstan,0.1
1992/93,Latvia,0.0578
1992/93,Lebanon,0.1244
1992/93,Lesotho,0.005
1992/93,Macedonia (Skopje),0.01
1992/93,Malaysia,0.0714
1992/93,Mali,0.0069
1992/93,Malta And Gozo,0.0325
1992/93,Mauritania,0.0034
1992/93,Mexico,0.6703
1992/93,Moldova,0.0964
1992/93,Morocco,1.7343
1992/93,Netherlands Antilles,0.0123
1992/93,New Caledonia,0.0006
1992/93,"New Zealand, No Islands (=Old Code 6140)",0.0159
1992/93,Nicaragua,0.0694
1992/93,Nigeria,0.6765
1992/93,Norway,0.1263
1992/93,Pakistan,1.6751
1992/93,Panama,0.1004
1992/93,Peru,0.2312
1992/93,Philippines,1.576
1992/93,Poland,0.1982
1992/93,Republic Of South Africa,0.5312
1992/93,Romania,0.1705
1992/93,"Russian Federation, Begins 2/1992",2.9593
1992/93,Saudi Arabia,0.1244
1992/93,Senegal,0.0097
1992/93,Serbia and Montenegro,0.01
1992/93,Sierra Leone,0.0156
1992/93,Singapore,0.0177
1992/93,Slovenia,0.0525
1992/93,South Korea,1.4085
1992/93,Spain,0.0298
1992/93,Sri Lanka,0.802
1992/93,St. Vincent And The Grenadines,0.0351
1992/93,Suriname,0.0237
1992/93,Switzerland,0.0006
1992/93,Taiwan,0.7939
1992/93,Tajikistan,0.0581
1992/93,Thailand,0.2255
1992/93,Togo,0.047
1992/93,Trinidad And Tobago,0.1191
1992/93,Tunisia,0.3133
1992/93,Turkey,0.0214
1992/93,Turkmenistan,0.065
1992/93,Ukraine,0.6371
1992/93,Unidentified Country,1.1978
1992/93,United Kingdom,0.0041
1992/93,Uzbekistan,0.6139
1992/93,Venezuela,0.8025
1992/93,"Yemen (Sana), Ends 9/1990 & United Begin",0.6517
1992/93,Zimbabwe,0.0705
1993/94,Afghanistan,0.05
1993/94,Albania,0.0631
1993/94,Algeria,1.239
1993/94,Argentina,0.0
1993/94,Armenia,0.2627
1993/94,Austria,0.0001
1993/94,Bangladesh,0.5066
1993/94,Barbados,0.014
1993/94,Belarus,0.1
1993/94,Belgium,0.1282
1993/94,Belize,0.0177
1993/94,Benin,0.0012
1993/94,Bolivia,0.0796
1993/94,Brazil,0.1459
1993/94,Burkina Faso,0.002
1993/94,Cameroon,0.1017
1993/94,Canada,0.0331
1993/94,Chile,0.2072
1993/94,China,1.8867
1993/94,Colombia,0.1847
1993/94,Congo (Brazzaville),0.004
1993/94,Congo (Kinshasa),0.0725
1993/94,Costa Rica,0.1416
1993/94,Cyprus,0.0785
1993/94,Denmark,0.0
1993/94,Dominican Republic,0.0719
1993/94,Ecuador,0.1739
1993/94,Egypt,2.9746
1993/94,El Salvador,0.1159
1993/94,"Eritrea, Begins 7/1993",0.0129
1993/94,"Ethiopia, United Ends 6/1993 & New Begin",0.1194
1993/94,Finland,0.0112
1993/94,French Polynesia,0.0002
1993/94,Gabon,0.008
1993/94,Georgia,0.209
1993/94,"Germany, Fed. Republic; United, Begins 1",0.0012
1993/94,Ghana,0.1746
1993/94,Greece,0.0008
1993/94,Grenada,0.0036
1993/94,Guatemala,0.2592
1993/94,Guyana,0.0516
1993/94,Haiti,0.0004
1993/94,Honduras,0.1483
1993/94,Hong Kong,0.0886
1993/94,India,0.0083
1993/94,Indonesia,0.0517
1993/94,Israel,0.715
1993/94,Italy,0.2106
1993/94,Ivory Coast,0.0253
1993/94,Jamaica,0.1099
1993/94,Japan,3.2656
1993/94,Jordan,0.6876
1993/94,Kenya,0.3679
1993/94,Kuwait,0.0575
1993/94,Lebanon,0.1891
1993/94,Lesotho,0.0105
1993/94,Malaysia,0.0999
1993/94,Malta And Gozo,0.0095
1993/94,Mauritania,0.0039
1993/94,Mexico,0.8281
1993/94,Moldova,0.1073
1993/94,Mongolia,0.0215
1993/94,Morocco,1.321
1993/94,Netherlands,0.003
1993/94,Netherlands Antilles,0.0092
1993/94,New Caledonia,0.0006
1993/94,"New Zealand, No Islands (=Old Code 6140)",0.0091
1993/94,Nicaragua,0.0849
1993/94,Nigeria,0.8455
1993/94,Norway,0.1041
1993/94,Pakistan,1.8335
1993/94,Panama,0.1002
1993/94,Peru,0.4315
1993/94,Philippines,1.8825
1993/94,Poland,0.1349
1993/94,Republic Of South Africa,0.2869
1993/94,Romania,0.1633
1993/94,"Russian Federation, Begins 2/1992",1.2377
1993/94,Saudi Arabia,0.0068
1993/94,Senegal,0.0063
1993/94,Sierra Leone,0.013
1993/94,Singapore,0.025
1993/94,Slovenia,0.0814
1993/94,South Korea,1.5437
1993/94,Spain,0.0137
1993/94,Sri Lanka,0.7854
1993/94,St. Vincent And The Grenadines,0.0377
1993/94,Sudan,0.0852
1993/94,Suriname,0.0322
1993/94,Switzerland,0.0005
1993/94,Taiwan,0.9223
1993/94,Tanzania,0.054
1993/94,Thailand,0.3516
1993/94,Togo,0.0181
1993/94,Trinidad And Tobago,0.1235
1993/94,Tunisia,0.436
1993/94,Turkey,0.1652
1993/94,Turkmenistan,0.0895
1993/94,Unidentified Country,0.4966
1993/94,United Arab Emirates,0.0001
1993/94,United Kingdom,0.0184
1993/94,Uzbekistan,0.6243
1993/94,Venezuela,0.6071
1993/94,"Yemen (Sana), Ends 9/1990 & United Begin",0.5411
1993/94,Zimbabwe,0.0203
1994/95,Albania,0.029
1994/95,Algeria,0.5157
1994/95,Angola,0.0136
1994/95,Argentina,0.015
1994/95,Armenia,0.195
1994/95,"Australia (No Islands), (=Old Code 6020)",0.0028
1994/95,Bangladesh,1.099
1994/95,Barbados,0.0185
1994/95,Belgium,0.1322
1994/95,Belize,0.018
1994/95,Benin,0.011
1994/95,Bolivia,0.1
1994/95,Bosnia-Hercegovina,0.005
1994/95,Burkina Faso,0.0035
1994/95,Cameroon,0.0376
1994/95,Canada,0.0038
1994/95,Chile,0.033
1994/95,China,3.0605
1994/95,Colombia,0.2358
1994/95,Congo (Kinshasa),0.1127
1994/95,Costa Rica,0.1671
1994/95,Croatia,0.005
1994/95,Cyprus,0.0362
1994/95,Denmark,0.0
1994/95,Djibouti,0.01
1994/95,Dominican Republic,0.1388
1994/95,Ecuador,0.1649
1994/95,Egypt,5.0811
1994/95,El Salvador,0.1776
1994/95,"Eritrea, Begins 7/1993",0.0138
1994/95,Estonia,0.055
1994/95,"Ethiopia, United Ends 6/1993 & New Begin",0.2127
1994/95,Finland,0.0382
1994/95,France,0.0002
1994/95,French Polynesia,0.0003
1994/95,Gabon,0.0013
1994/95,Georgia,0.155
1994/95,"Germany, Fed. Republic; United, Begins 1",0.0036
1994/95,Ghana,0.1156
1994/95,Grenada,0.0025
1994/95,Guatemala,0.2301
1994/95,Guinea,0.0077
1994/95,Guyana,0.0549
1994/95,Haiti,0.0083
1994/95,Honduras,0.1604
1994/95,Hong Kong,0.1126
1994/95,Indonesia,0.1392
1994/95,Israel,0.5478
1994/95,Italy,0.2594
1994/95,Ivory Coast,0.0442
1994/95,Jamaica,0.07
1994/95,Japan,3.0529
1994/95,Jordan,0.4567
1994/95,Kenya,0.119
1994/95,Kuwait,0.1161
1994/95,Lebanon,0.2879
1994/95,Lesotho,0.0052
1994/95,Malawi,0.0147
1994/95,Malaysia,0.0925
1994/95,Malta And Gozo,0.0383
1994/95,Mexico,0.778
1994/95,Morocco,0.1367
1994/95,Mozambique,0.0134
1994/95,Namibia,0.0116
1994/95,Netherlands,0.0
1994/95,Netherlands Antilles,0.0066
1994/95,New Caledonia,0.0018
1994/95,Nicaragua,0.0786
1994/95,Niger,0.001
1994/95,Nigeria,0.4568
1994/95,Norway,0.0667
1994/95,Pakistan,1.4164
1994/95,Panama,0.0973
1994/95,Peru,0.2439
1994/95,Philippines,1.7524
1994/95,Republic Of South Africa,0.4659
1994/95,"Russian Federation, Begins 2/1992",0.4029
1994/95,Saudi Arabia,0.0004
1994/95,Senegal,0.001
1994/95,Sierra Leone,0.0088
1994/95,Singapore,0.0312
1994/95,Somalia,0.0095
1994/95,South Korea,1.5782
1994/95,Spain,0.009
1994/95,Sri Lanka,0.7662
1994/95,St. Vincent And The Grenadines,0.0338
1994/95,Sudan,0.0495
1994/95,Suriname,0.018
1994/95,Swaziland,0.0158
1994/95,Switzerland,0.0054
1994/95,Taiwan,0.8155
1994/95,Tajikistan,0.035
1994/95,Thailand,0.2454
1994/95,Togo,0.0057
1994/95,Trinidad And Tobago,0.1279
1994/95,Tunisia,0.3945
1994/95,Turkey,0.1656
1994/95,Ukraine,0.1022
1994/95,Unidentified Country,0.8137
1994/95,United Kingdom,0.0004
1994/95,Uzbekistan,0.3417
1994/95,Venezuela,0.6119
1994/95,"Yemen (Sana), Ends 9/1990 & United Begin",0.6217
1994/95,Zambia,0.0105
1994/95,Zimbabwe,0.021
1995/96,Afghanistan,0.04
1995/96,Albania,0.0199
1995/96,Algeria,0.3297
1995/96,Angola,0.0157
1995/96,Argentina,0.0
1995/96,Armenia,0.1164
1995/96,"Australia (No Islands), (=Old Code 6020)",0.0002
1995/96,Bangladesh,0.5569
1995/96,Barbados,0.0226
1995/96,Belgium,0.0909
1995/96,Belize,0.0148
1995/96,Benin,0.0083
1995/96,Bolivia,0.0842
1995/96,Botswana,0.0153
1995/96,Brazil,0.4045
1995/96,Burkina Faso,0.003
1995/96,Canada,0.0293
1995/96,Chile,0.2956
1995/96,China,3.0567
1995/96,Colombia,0.6196
1995/96,Congo (Kinshasa),0.1073
1995/96,Costa Rica,0.1428
1995/96,Croatia,0.0033
1995/96,Cyprus,0.0552
1995/96,Dominican Republic,0.2182
1995/96,Ecuador,0.333
1995/96,Egypt,4.6689
1995/96,El Salvador,0.1131
1995/96,"Eritrea, Begins 7/1993",0.011
1995/96,"Ethiopia, United Ends 6/1993 & New Begin",0.1855
1995/96,France,0.0183
1995/96,French Polynesia,0.0002
1995/96,Georgia,0.1172
1995/96,"Germany, Fed. Republic; United, Begins 1",0.0028
1995/96,Ghana,0.1519
1995/96,Greece,0.0749
1995/96,Grenada,0.0087
1995/96,Guatemala,0.2148
1995/96,Guinea,0.0133
1995/96,Guyana,0.0499
1995/96,Haiti,0.0001
1995/96,Honduras,0.1193
1995/96,Hong Kong,0.0435
1995/96,Iceland,0.0038
1995/96,India,0.0059
1995/96,Indonesia,0.6918
1995/96,Israel,0.6676
1995/96,Italy,0.219
1995/96,Ivory Coast,0.0081
1995/96,Jamaica,0.1621
1995/96,Japan,3.0943
1995/96,Jordan,0.4221
1995/96,Kenya,0.0496
1995/96,Kuwait,0.0626
1995/96,Kyrgyzstan,0.1053
1995/96,Lebanon,0.2566
1995/96,Liberia,0.0256
1995/96,Malaysia,0.1314
1995/96,Malta And Gozo,0.0191
1995/96,Mexico,1.0737
1995/96,Morocco,0.5864
1995/96,Mozambique,0.0287
1995/96,Netherlands,0.011
1995/96,Netherlands Antilles,0.0114
1995/96,Nicaragua,0.0651
1995/96,Niger,0.004
1995/96,Nigeria,0.7027
1995/96,Norway,0.038
1995/96,Pakistan,1.6523
1995/96,Panama,0.1134
1995/96,Peru,0.538
1995/96,Philippines,1.8563
1995/96,Poland,0.1561
1995/96,Republic Of South Africa,0.3011
1995/96,"Russian Federation, Begins 2/1992",0.1155
1995/96,Saudi Arabia,0.0005
1995/96,Senegal,0.0077
1995/96,Sierra Leone,0.0136
1995/96,Singapore,0.0546
1995/96,South Korea,1.413
1995/96,Spain,0.1107
1995/96,Sri Lanka,0.818
1995/96,St. Vincent And The Grenadines,0.0323
1995/96,Sudan,0.0083
1995/96,Suriname,0.017
1995/96,Switzerland,0.0074
1995/96,Taiwan,0.8386
1995/96,Tajikistan,0.025
1995/96,Thailand,0.33
1995/96,Togo,0.0116
1995/96,Trinidad And Tobago,0.1307
1995/96,Tunisia,0.2209
1995/96,Turkey,0.3756
1995/96,Turkmenistan,0.093
1995/96,Unidentified Country,1.3615
1995/96,United Arab Emirates,0.055
1995/96,United Kingdom,0.0408
1995/96,Uzbekistan,0.2773
1995/96,Venezuela,0.5596
1995/96,"Yemen (Sana), Ends 9/1990 & United Begin",0.4201
1995/96,Zimbabwe,0.0453
1996/97,Algeria,0.35
1996/97,Angola,0.0178
1996/97,Armenia,0.096
1996/97,"Australia (No Islands), (=Old Code 6020)",0.0023
1996/97,Bangladesh,0.281
1996/97,Barbados,0.0219
1996/97,Belgium,0.0922
1996/97,Belize,0.0123
1996/97,Benin,0.0016
1996/97,Bolivia,0.0929
1996/97,Bosnia-Hercegovina,0.11
1996/97,Brazil,0.8312
1996/97,Bulgaria,0.0834
1996/97,Cameroon,0.0335
1996/97,Canada,0.1089
1996/97,Chile,0.0
1996/97,China,1.0028
1996/97,Colombia,0.3516
1996/97,Congo (Kinshasa),0.1035
1996/97,Costa Rica,0.1423
1996/97,Cyprus,0.0453
1996/97,Denmark,0.0
1996/97,Dominican Republic,0.2166
1996/97,Ecuador,0.2532
1996/97,Egypt,2.6836
1996/97,El Salvador,0.1541
1996/97,"Eritrea, Begins 7/1993",0.0356
1996/97,"Ethiopia, United Ends 6/1993 & New Begin",0.0971
1996/97,France,0.0249
1996/97,French Polynesia,0.0001
1996/97,Georgia,0.1063
1996/97,"Germany, Fed. Republic; United, Begins 1",0.0013
1996/97,Ghana,0.1457
1996/97,Greece,0.0349
1996/97,Grenada,0.0115
1996/97,Guatemala,0.1196
1996/97,Guyana,0.0425
1996/97,Haiti,0.0109
1996/97,Honduras,0.1329
1996/97,Hong Kong,0.014
1996/97,Iceland,0.0007
1996/97,India,0.0081
1996/97,Indonesia,0.1084
1996/97,Iraq,0.0159
1996/97,Israel,0.6815
1996/97,Italy,0.435
1996/97,Ivory Coast,0.0236
1996/97,Jamaica,0.1982
1996/97,Japan,3.3254
1996/97,Jordan,0.1175
1996/97,Kenya,0.0315
1996/97,Lebanon,0.2021
1996/97,Lesotho,0.0083
1996/97,Madagascar (Malagasy),0.0001
1996/97,Malaysia,0.033
1996/97,Malta And Gozo,0.0289
1996/97,Mexico,1.4138
1996/97,Moldova,0.0345
1996/97,Morocco,0.4426
1996/97,Mozambique,0.0573
1996/97,Namibia,0.0121
1996/97,Netherlands,0.0437
1996/97,Netherlands Antilles,0.0113
1996/97,Nicaragua,0.0892
1996/97,Nigeria,0.5919
1996/97,Norway,0.0815
1996/97,Pakistan,2.0274
1996/97,Panama,0.1037
1996/97,Papua New Guinea,0.0088
1996/97,Peru,0.4837
1996/97,Philippines,1.7724
1996/97,Poland,0.0813
1996/97,Republic Of South Africa,0.3878
1996/97,"Russian Federation, Begins 2/1992",0.0858
1996/97,Senegal,0.0169
1996/97,Serbia and Montenegro,0.025
1996/97,Sierra Leone,0.0127
1996/97,Singapore,0.0454
1996/97,South Korea,1.5441
1996/97,Spain,0.0311
1996/97,Sri Lanka,0.1501
1996/97,St. Vincent And The Grenadines,0.024
1996/97,Sudan,0.033
1996/97,Suriname,0.0194
1996/97,Switzerland,0.0268
1996/97,Taiwan,0.8671
1996/97,Tajikistan,0.0304
1996/97,Tanzania,0.0216
1996/97,Thailand,0.2537
1996/97,Togo,0.0251
1996/97,Trinidad And Tobago,0.1197
1996/97,Tunisia,0.1713
1996/97,Turkey,0.2264
1996/97,Uganda,0.0157
1996/97,Unidentified Country,0.8152
1996/97,United Kingdom,0.0586
1996/97,Uruguay,0.0028
1996/97,Uzbekistan,0.0548
1996/97,Venezuela,0.5556
1996/97,"Yemen (Sana), Ends 9/1990 & United Begin",0.5569
1997/98,Afghanistan,0.0295
1997/98,Algeria,0.198
1997/98,Angola,0.042
1997/98,Armenia,0.1382
1997/98,"Australia (No Islands), (=Old Code 6020)",0.0001
1997/98,Bahamas,0.0001
1997/98,Bangladesh,0.1499
1997/98,Barbados,0.0253
1997/98,Belgium,0.1639
1997/98,Belize,0.0154
1997/98,Benin,0.0166
1997/98,Bolivia,0.0667
1997/98,Bosnia-Hercegovina,0.022
1997/98,Botswana,0.0201
1997/98,Brazil,0.0002
1997/98,Bulgaria,0.0178
1997/98,Cameroon,0.0408
1997/98,Canada,0.0352
1997/98,Cayman Islands,0.0002
1997/98,Chile,0.0517
1997/98,China,0.285
1997/98,Colombia,0.4041
1997/98,Congo (Brazzaville),0.0525
1997/98,Congo (Kinshasa),0.0765
1997/98,Costa Rica,0.1756
1997/98,Croatia,0.0333
1997/98,Cyprus,0.0399
1997/98,Dominican Republic,0.2483
1997/98,Ecuador,0.2285
1997/98,Egypt,4.9749
1997/98,El Salvador,0.169
1997/98,"Eritrea, Begins 7/1993",0.0571
1997/98,"Ethiopia, United Ends 6/1993 & New Begin",0.0571
1997/98,France,0.0015
1997/98,French Polynesia,0.0001
1997/98,Georgia,0.1305
1997/98,"Germany, Fed. Republic; United, Begins 1",0.0002
1997/98,Ghana,0.1087
1997/98,Greece,0.0
1997/98,Grenada,0.0109
1997/98,Guatemala,0.0844
1997/98,Guyana,0.0457
1997/98,Haiti,0.0062
1997/98,Honduras,0.1621
1997/98,Hong Kong,0.0132
1997/98,Iceland,0.0045
1997/98,Iraq,0.7228
1997/98,Israel,0.8298
1997/98,Italy,0.5842
1997/98,Ivory Coast,0.0026
1997/98,Jamaica,0.1829
1997/98,Japan,3.2285
1997/98,Jordan,0.3397
1997/98,Kenya,0.0686
1997/98,Kyrgyzstan,0.06
1997/98,Lebanon,0.1998
1997/98,Lesotho,0.0062
1997/98,Liberia,0.0016
1997/98,Macedonia (Skopje),0.0196
1997/98,Malaysia,0.0081
1997/98,Mali,0.0078
1997/98,Malta And Gozo,0.0193
1997/98,Mauritania,0.002
1997/98,Mexico,1.1606
1997/98,Mongolia,0.011
1997/98,Morocco,0.5363
1997/98,Mozambique,0.0521
1997/98,Namibia,0.0056
1997/98,Netherlands,0.0708
1997/98,Netherlands Antilles,0.0094
1997/98,"New Zealand, No Islands (=Old Code 6140)",0.0057
1997/98,Nicaragua,0.0914
1997/98,Nigeria,0.7444
1997/98,Norway,0.0334
1997/98,Pakistan,2.1797
1997/98,Panama,0.1054
1997/98,Peru,0.2095
1997/98,Philippines,1.4582
1997/98,Poland,0.0102
1997/98,Portugal,0.006
1997/98,Republic Of South Africa,0.1334
1997/98,"Russian Federation, Begins 2/1992",0.0523
1997/98,Senegal,0.0045
1997/98,Sierra Leone,0.0069
1997/98,Singapore,0.0241
1997/98,Slovenia,0.041
1997/98,South Korea,1.4456
1997/98,Spain,0.2332
1997/98,Sri Lanka,0.3657
1997/98,St. Lucia,0.0
1997/98,St. Vincent And The Grenadines,0.0317
1997/98,Suriname,0.0086
1997/98,Swaziland,0.0048
1997/98,Sweden,0.0055
1997/98,Switzerland,0.0248
1997/98,Taiwan,1.0027
1997/98,Tajikistan,0.0674
1997/98,Thailand,0.2365
1997/98,Togo,0.0129
1997/98,Trinidad And Tobago,0.1375
1997/98,Tunisia,0.5276
1997/98,Turkey,0.31
1997/98,Uganda,0.0292
1997/98,Unidentified Country,0.2427
1997/98,United Kingdom,0.1274
1997/98,Uruguay,0.0
1997/98,Venezuela,0.5591
1997/98,Vietnam,0.0103
1997/98,"Yemen (Sana), Ends 9/1990 & United Begin",0.5478
1998/99,Afghanistan,0.0298
1998/99,Albania,0.015
1998/99,Algeria,0.5265
1998/99,Angola,0.0389
1998/99,Argentina,0.0
1998/99,Armenia,0.0
1998/99,Bahamas,0.0001
1998/99,Bangladesh,0.609
1998/99,Barbados,0.0226
1998/99,Belgium,0.2476
1998/99,Belize,0.0154
1998/99,Benin,0.0018
1998/99,Bolivia,0.0755
1998/99,Bosnia-Hercegovina,0.06
1998/99,Brazil,0.0157
1998/99,Cameroon,0.0309
1998/99,Canada,0.0138
1998/99,Cape Verde Islands,0.005
1998/99,Chile,0.1104
1998/99,China,0.4184
1998/99,Colombia,0.5352
1998/99,Congo (Brazzaville),0.0603
1998/99,Congo (Kinshasa),0.0257
1998/99,Costa Rica,0.1276
1998/99,Cyprus,0.0373
1998/99,Denmark,0.0
1998/99,Djibouti,0.022
1998/99,Dominican Republic,0.2699
1998/99,Ecuador,0.1246
1998/99,Egypt,4.5572
1998/99,El Salvador,0.1796
1998/99,"Eritrea, Begins 7/1993",0.0543
1998/99,Estonia,0.1363
1998/99,"Ethiopia, United Ends 6/1993 & New Begin",0.107
1998/99,France,0.0046
1998/99,French Polynesia,0.0
1998/99,Gabon,0.0042
1998/99,Georgia,0.0893
1998/99,"Germany, Fed. Republic; United, Begins 1",0.0008
1998/99,Ghana,0.1217
1998/99,Grenada,0.0162
1998/99,Guadeloupe,0.002
1998/99,Guatemala,0.0572
1998/99,Guyana,0.0434
1998/99,Haiti,0.032
1998/99,Honduras,0.145
1998/99,Hong Kong,0.0143
1998/99,Iceland,0.0061
1998/99,Indonesia,0.3777
1998/99,Iraq,0.309
1998/99,Israel,0.7335
1998/99,Italy,0.5974
1998/99,Ivory Coast,0.0138
1998/99,Jamaica,0.1774
1998/99,Japan,3.056
1998/99,Jordan,0.274
1998/99,Kenya,0.0055
1998/99,Kyrgyzstan,0.0035
1998/99,Lebanon,0.1186
1998/99,Malaysia,0.0393
1998/99,Malta And Gozo,0.0172
1998/99,Mexico,1.7372
1998/99,Mongolia,0.0215
1998/99,Morocco,0.1869
1998/99,Mozambique,0.1382
1998/99,Netherlands,0.0014
1998/99,Netherlands Antilles,0.013
1998/99,"New Zealand, No Islands (=Old Code 6140)",0.0055
1998/99,Nicaragua,0.0856
1998/99,Nigeria,1.2376
1998/99,Norway,0.0502
1998/99,Pakistan,0.8665
1998/99,Panama,0.0817
1998/99,Peru,0.6655
1998/99,Philippines,1.625
1998/99,Poland,0.0319
1998/99,Portugal,0.0338
1998/99,Qatar,0.0067
1998/99,Republic Of South Africa,0.0705
1998/99,"Russian Federation, Begins 2/1992",0.4238
1998/99,Senegal,0.0092
1998/99,Serbia and Montenegro,0.0008
1998/99,Sierra Leone,0.0133
1998/99,Singapore,0.0396
1998/99,South Korea,1.575
1998/99,Spain,0.28
1998/99,Sri Lanka,0.466
1998/99,St. Vincent And The Grenadines,0.0299
1998/99,Sudan,0.0169
1998/99,Suriname,0.0112
1998/99,Swaziland,0.005
1998/99,Sweden,0.0205
1998/99,Switzerland,0.0313
1998/99,Taiwan,0.8891
1998/99,Tanzania,0.018
1998/99,Thailand,0.2967
1998/99,Trinidad And Tobago,0.1103
1998/99,Turkey,0.0624
1998/99,Uganda,0.005
1998/99,Unidentified Country,0.3307
1998/99,United Arab Emirates,0.0135
1998/99,United Kingdom,0.133
1998/99,Venezuela,0.6352
1998/99,Vietnam,0.011
1998/99,"Yemen (Sana), Ends 9/1990 & United Begin",0.3198
1998/99,Zimbabwe,0.025
1999/00,Afghanistan,0.026
1999/00,Algeria,0.626
1999/00,Argentina,0.0001
1999/00,Austria,0.0004
1999/00,Azerbaijan,0.0065
1999/00,Bahamas,0.0001
1999/00,Bahrain,0.0392
1999/00,Bangladesh,0.4275
1999/00,Barbados,0.0156
1999/00,Belgium,0.188
1999/00,Belize,0.0139
1999/00,Bolivia,0.0329
1999/00,Bosnia-Hercegovina,0.0225
1999/00,Botswana,0.011
1999/00,Brazil,0.0781
1999/00,Cameroon,0.0266
1999/00,Canada,0.0161
1999/00,Cape Verde Islands,0.005
1999/00,Chile,0.2625
1999/00,China,0.121
1999/00,Colombia,0.7762
1999/00,Congo (Brazzaville),0.0623
1999/00,Congo (Kinshasa),0.0197
1999/00,Costa Rica,0.1249
1999/00,Croatia,0.0164
1999/00,Cyprus,0.0181
1999/00,Denmark,0.0
1999/00,Djibouti,0.0779
1999/00,Dominican Republic,0.2856
1999/00,Ecuador,0.1908
1999/00,Egypt,4.0016
1999/00,El Salvador,0.1788
1999/00,Estonia,0.137
1999/00,"Ethiopia, United Ends 6/1993 & New Begin",0.3296
1999/00,France,0.0011
1999/00,French Polynesia,0.0
1999/00,Gabon,0.0113
1999/00,Georgia,0.0328
1999/00,"Germany, Fed. Republic; United, Begins 1",0.0015
1999/00,Ghana,0.0593
1999/00,Grenada,0.0164
1999/00,Guatemala,0.0684
1999/00,Guyana,0.0513
1999/00,Haiti,0.1439
1999/00,Honduras,0.1786
1999/00,Hong Kong,0.0034
1999/00,Iceland,0.0054
1999/00,Indonesia,0.5217
1999/00,Israel,0.884
1999/00,Italy,0.666
1999/00,Ivory Coast,0.0143
1999/00,Jamaica,0.166
1999/00,Japan,3.1846
1999/00,Jordan,0.5409
1999/00,Kenya,0.075
1999/00,Kuwait,0.0425
1999/00,Kyrgyzstan,0.04
1999/00,Lebanon,0.1578
1999/00,Lesotho,0.0041
1999/00,Malawi,0.0107
1999/00,Malaysia,0.0262
1999/00,Malta And Gozo,0.0378
1999/00,Mexico,1.8963
1999/00,Mongolia,0.015
1999/00,Morocco,0.3395
1999/00,Mozambique,0.0523
1999/00,Netherlands,0.0669
1999/00,Netherlands Antilles,0.0096
1999/00,"New Zealand, No Islands (=Old Code 6140)",0.0055
1999/00,Nicaragua,0.0741
1999/00,Nigeria,1.1467
1999/00,Norway,0.0125
1999/00,Pakistan,0.4099
1999/00,Panama,0.098
1999/00,Peru,0.4111
1999/00,Philippines,2.1003
1999/00,Portugal,0.0336
1999/00,Republic Of South Africa,0.1294
1999/00,"Russian Federation, Begins 2/1992",1.0192
1999/00,Serbia and Montenegro,0.035
1999/00,Sierra Leone,0.0044
1999/00,Singapore,0.0517
1999/00,Somalia,0.003
1999/00,South Korea,1.6276
1999/00,Spain,0.2511
1999/00,Sri Lanka,0.4129
1999/00,St. Lucia,0.0
1999/00,St. Vincent And The Grenadines,0.0198
1999/00,Sudan,0.0567
1999/00,Suriname,0.0221
1999/00,Swaziland,0.0056
1999/00,Sweden,0.005
1999/00,Switzerland,0.0428
1999/00,Syria,0.0152
1999/00,Taiwan,0.9826
1999/00,Tajikistan,0.004
1999/00,Tanzania,0.0453
1999/00,Thailand,0.2659
1999/00,Trinidad And Tobago,0.1325
1999/00,Turkey,0.0713
1999/00,Uganda,0.0165
1999/00,Unidentified Country,0.1195
1999/00,United Arab Emirates,0.0634
1999/00,United Kingdom,0.1108
1999/00,Venezuela,0.4514
1999/00,Vietnam,0.028
1999/00,"Yemen (Sana), Ends 9/1990 & United Begin",0.4966
1999/00,Zimbabwe,0.0105
2000/01,Algeria,0.441
2000/01,Angola,0.015
2000/01,Argentina,0.0001
2000/01,Armenia,0.0525
2000/01,"Australia (No Islands), (=Old Code 6020)",0.0001
2000/01,Bahamas,0.0
2000/01,Bangladesh,0.1943
2000/01,Barbados,0.0231
2000/01,Belgium,0.1728
2000/01,Belize,0.0167
2000/01,Bolivia,0.0184
2000/01,Bosnia-Hercegovina,0.0575
2000/01,Botswana,0.0167
2000/01,Brazil,0.0532
2000/01,Cameroon,0.01
2000/01,Canada,0.0525
2000/01,Chile,0.0756
2000/01,China,0.1218
2000/01,Colombia,0.6225
2000/01,Congo (Brazzaville),0.028
2000/01,Congo (Kinshasa),0.0128
2000/01,Costa Rica,0.1441
2000/01,Denmark,0.0
2000/01,Dominican Republic,0.2437
2000/01,Ecuador,0.1703
2000/01,Egypt,4.6287
2000/01,El Salvador,0.2214
2000/01,"Eritrea, Begins 7/1993",0.1031
2000/01,"Ethiopia, United Ends 6/1993 & New Begin",0.4313
2000/01,Finland,0.0099
2000/01,France,0.0001
2000/01,French Polynesia,0.0
2000/01,Gabon,0.0063
2000/01,Georgia,0.039
2000/01,"Germany, Fed. Republic; United, Begins 1",0.0239
2000/01,Ghana,0.0756
2000/01,Greece,0.0001
2000/01,Grenada,0.0181
2000/01,Guatemala,0.0914
2000/01,Guyana,0.0499
2000/01,Haiti,0.1412
2000/01,Honduras,0.2516
2000/01,Hong Kong,0.0127
2000/01,Iceland,0.0055
2000/01,Indonesia,0.8001
2000/01,Ireland,0.0003
2000/01,Israel,0.6941
2000/01,Italy,0.7325
2000/01,Ivory Coast,0.0208
2000/01,Jamaica,0.1823
2000/01,Japan,3.051
2000/01,Jordan,0.3835
2000/01,Kenya,0.0151
2000/01,Kyrgyzstan,0.06
2000/01,Lebanon,0.1954
2000/01,Libya,0.1173
2000/01,Macedonia (Skopje),0.0045
2000/01,Malaysia,0.0769
2000/01,Malta And Gozo,0.0366
2000/01,Mexico,2.0708
2000/01,Mongolia,0.04
2000/01,Morocco,0.464
2000/01,Mozambique,0.0908
2000/01,Myanmar (Burma),0.0001
2000/01,Namibia,0.0186
2000/01,Netherlands,0.1293
2000/01,Netherlands Antilles,0.0086
2000/01,Nicaragua,0.0524
2000/01,Nigeria,1.3317
2000/01,Norway,0.0003
2000/01,Pakistan,0.022
2000/01,Panama,0.1113
2000/01,Peru,0.4285
2000/01,Philippines,1.977
2000/01,Portugal,0.035
2000/01,Republic Of South Africa,0.1166
2000/01,"Russian Federation, Begins 2/1992",0.0445
2000/01,Saudi Arabia,0.0008
2000/01,Senegal,0.0057
2000/01,Sierra Leone,0.0124
2000/01,Singapore,0.0384
2000/01,Somalia,0.002
2000/01,South Korea,1.4873
2000/01,Spain,0.1018
2000/01,Sri Lanka,0.5176
2000/01,St. Vincent And The Grenadines,0.0256
2000/01,Sudan,0.1164
2000/01,Suriname,0.0248
2000/01,Sweden,0.0001
2000/01,Switzerland,0.0123
2000/01,Taiwan,1.0448
2000/01,Thailand,0.3765
2000/01,Trinidad And Tobago,0.1214
2000/01,Tunisia,0.2459
2000/01,Turkey,0.0275
2000/01,Uganda,0.0125
2000/01,Unidentified Country,0.3048
2000/01,United Arab Emirates,0.0759
2000/01,United Kingdom,0.0948
2000/01,Uruguay,0.0
2000/01,Venezuela,0.5736
2000/01,Vietnam,0.0351
2000/01,"Yemen (Sana), Ends 9/1990 & United Begin",0.6446
2000/01,Zimbabwe,0.0083
2001/02,Albania,0.0185
2001/02,Algeria,0.1879
2001/02,Aruba,0.0
2001/02,Bangladesh,0.2142
2001/02,Barbados,0.0219
2001/02,Belgium,0.1735
2001/02,Belize,0.0191
2001/02,Benin,0.002
2001/02,Bhutan,0.0009
2001/02,Bolivia,0.0151
2001/02,Bosnia-Hercegovina,0.063
2001/02,Brazil,0.0792
2001/02,Canada,0.0267
2001/02,Cayman Islands,0.0
2001/02,Central African Republic,0.0013
2001/02,Chile,0.0424
2001/02,China,0.2338
2001/02,Colombia,0.536
2001/02,Congo (Brazzaville),0.03
2001/02,Congo (Kinshasa),0.0384
2001/02,Costa Rica,0.1568
2001/02,Cuba,0.1273
2001/02,Cyprus,0.0942
2001/02,Djibouti,0.0191
2001/02,Dominican Republic,0.3086
2001/02,Ecuador,0.1304
2001/02,Egypt,3.4427
2001/02,El Salvador,0.2067
2001/02,"Eritrea, Begins 7/1993",0.0572
2001/02,"Ethiopia, United Ends 6/1993 & New Begin",0.0442
2001/02,France,0.0
2001/02,French Polynesia,0.0
2001/02,Gabon,0.009
2001/02,Georgia,0.035
2001/02,"Germany, Fed. Republic; United, Begins 1",0.0287
2001/02,Ghana,0.0745
2001/02,Greece,0.016
2001/02,Grenada,0.0177
2001/02,Guatemala,0.1518
2001/02,Guyana,0.05
2001/02,Haiti,0.1465
2001/02,Honduras,0.1632
2001/02,Hong Kong,0.0066
2001/02,Iceland,0.004
2001/02,India,0.0012
2001/02,Indonesia,0.2108
2001/02,Israel,0.5894
2001/02,Italy,1.0903
2001/02,Ivory Coast,0.0083
2001/02,Jamaica,0.1508
2001/02,Japan,2.9656
2001/02,Jordan,0.5604
2001/02,Kenya,0.02
2001/02,Lebanon,0.1
2001/02,Libya,0.0685
2001/02,Madagascar (Malagasy),0.005
2001/02,Malawi,0.002
2001/02,Malaysia,0.1666
2001/02,Malta And Gozo,0.0263
2001/02,Mauritania,0.0007
2001/02,Mexico,2.1963
2001/02,Morocco,0.1521
2001/02,Mozambique,0.0548
2001/02,Namibia,0.0225
2001/02,Netherlands,0.1194
2001/02,Netherlands Antilles,0.0064
2001/02,Nicaragua,0.0929
2001/02,Nigeria,1.9696
2001/02,North Korea,0.01
2001/02,Norway,0.0188
2001/02,Pakistan,0.0456
2001/02,Panama,0.1018
2001/02,Peru,0.5542
2001/02,Philippines,1.5163
2001/02,Republic Of South Africa,0.0109
2001/02,"Russian Federation, Begins 2/1992",0.0359
2001/02,Saudi Arabia,0.0544
2001/02,Senegal,0.0047
2001/02,Serbia and Montenegro,0.01
2001/02,Sierra Leone,0.0144
2001/02,Singapore,0.0364
2001/02,South Korea,1.2247
2001/02,Spain,0.3952
2001/02,Sri Lanka,0.4319
2001/02,St. Vincent And The Grenadines,0.026
2001/02,Sudan,0.0174
2001/02,Suriname,0.014
2001/02,Sweden,0.002
2001/02,Switzerland,0.0018
2001/02,Taiwan,0.9099
2001/02,Thailand,0.3634
2001/02,Trinidad And Tobago,0.1359
2001/02,Tunisia,0.0452
2001/02,Uganda,0.0127
2001/02,Unidentified Country,0.5574
2001/02,United Arab Emirates,0.0677
2001/02,United Kingdom,0.1
2001/02,Venezuela,0.4941
2001/02,Vietnam,0.0468
2001/02,"Yemen (Sana), Ends 9/1990 & United Begin",0.5333
2002/03,Albania,0.0185
2002/03,Algeria,0.1985
2002/03,Angola,0.0153
2002/03,Argentina,0.0077
2002/03,Armenia,0.0125
2002/03,Azerbaijan,0.016
2002/03,Bangladesh,0.0499
2002/03,Barbados,0.0259
2002/03,Belgium,0.1537
2002/03,Belize,0.0185
2002/03,Bolivia,0.0281
2002/03,Bosnia-Hercegovina,0.0408
2002/03,Brazil,0.6858
2002/03,Cameroon,0.0096
2002/03,Canada,0.0177
2002/03,Central African Republic,0.0015
2002/03,Chile,0.1679
2002/03,China,0.078
2002/03,Colombia,0.7292
2002/03,Congo (Brazzaville),0.0033
2002/03,Congo (Kinshasa),0.0043
2002/03,Costa Rica,0.2098
2002/03,Cuba,0.0809
2002/03,Cyprus,0.062
2002/03,Djibouti,0.2362
2002/03,Dominican Republic,0.2548
2002/03,Ecuador,0.1926
2002/03,Egypt,1.033
2002/03,El Salvador,0.2418
2002/03,"Eritrea, Begins 7/1993",0.1019
2002/03,"Ethiopia, United Ends 6/1993 & New Begin",0.2453
2002/03,French Polynesia,0.0001
2002/03,Gabon,0.0041
2002/03,"Germany, Fed. Republic; United, Begins 1",0.0016
2002/03,Ghana,0.0873
2002/03,Greece,0.0
2002/03,Grenada,0.0149
2002/03,Guatemala,0.3601
2002/03,Guyana,0.0405
2002/03,Haiti,0.1213
2002/03,Honduras,0.1814
2002/03,Hong Kong,0.0
2002/03,Iceland,0.0067
2002/03,Indonesia,0.298
2002/03,Iraq,0.0565
2002/03,Israel,0.4394
2002/03,Italy,0.5845
2002/03,Jamaica,0.1684
2002/03,Japan,3.076
2002/03,Jordan,0.2
2002/03,Kenya,0.0668
2002/03,Lebanon,0.04
2002/03,Libya,0.1315
2002/03,Madagascar (Malagasy),0.01
2002/03,Malaysia,0.1521
2002/03,Malta And Gozo,0.0408
2002/03,Mexico,2.434
2002/03,Morocco,0.0327
2002/03,Mozambique,0.0613
2002/03,Namibia,0.0266
2002/03,Netherlands,0.0705
2002/03,Netherlands Antilles,0.0068
2002/03,"New Zealand, No Islands (=Old Code 6140)",0.0001
2002/03,Nicaragua,0.0939
2002/03,Nigeria,1.6498
2002/03,North Korea,0.0793
2002/03,Norway,0.01
2002/03,Pakistan,0.1609
2002/03,Panama,0.115
2002/03,Peru,0.4111
2002/03,Philippines,1.5241
2002/03,Portugal,0.0617
2002/03,Republic Of South Africa,0.0553
2002/03,Saudi Arabia,0.0
2002/03,Sierra Leone,0.0037
2002/03,Singapore,0.0508
2002/03,South Korea,1.2022
2002/03,Spain,0.151
2002/03,Sri Lanka,0.1706
2002/03,St. Vincent And The Grenadines,0.0202
2002/03,Sudan,0.0494
2002/03,Suriname,0.0087
2002/03,Switzerland,0.0086
2002/03,Taiwan,0.9192
2002/03,Thailand,0.2964
2002/03,Togo,0.004
2002/03,Trinidad And Tobago,0.1318
2002/03,Tunisia,0.0248
2002/03,Uganda,0.0011
2002/03,Unidentified Country,0.2891
2002/03,United Arab Emirates,0.0086
2002/03,United Kingdom,0.1126
2002/03,Uzbekistan,0.03
2002/03,Venezuela,0.5077
2002/03,Vietnam,0.039
2002/03,"Yemen (Sana), Ends 9/1990 & United Begin",0.5161
2003/04,Afghanistan,0.0025
2003/04,Albania,0.009
2003/04,Algeria,0.435
2003/04,Angola,0.0416
2003/04,"Australia (No Islands), (=Old Code 6020)",0.0001
2003/04,Bangladesh,0.091
2003/04,Barbados,0.0273
2003/04,Belgium,0.1859
2003/04,Belize,0.0196
2003/04,Bolivia,0.0548
2003/04,Brazil,0.4411
2003/04,Bulgaria,0.0235
2003/04,Canada,0.0175
2003/04,Cape Verde Islands,0.0011
2003/04,Central African Republic,0.0115
2003/04,Chile,0.2766
2003/04,China,1.1377
2003/04,Colombia,0.7526
2003/04,Congo (Brazzaville),0.0212
2003/04,Congo (Kinshasa),0.0542
2003/04,Costa Rica,0.202
2003/04,Cuba,0.318
2003/04,Cyprus,0.0086
2003/04,Djibouti,0.045
2003/04,Dominican Republic,0.284
2003/04,Ecuador,0.1037
2003/04,Egypt,3.9638
2003/04,El Salvador,0.2395
2003/04,"Eritrea, Begins 7/1993",0.1313
2003/04,"Ethiopia, United Ends 6/1993 & New Begin",0.5715
2003/04,French Polynesia,0.0001
2003/04,Gabon,0.0008
2003/04,Georgia,0.0331
2003/04,"Germany, Fed. Republic; United, Begins 1",0.0001
2003/04,Ghana,0.107
2003/04,Greece,0.0
2003/04,Grenada,0.0116
2003/04,Guatemala,0.1925
2003/04,Guinea,0.0276
2003/04,Guyana,0.0426
2003/04,Haiti,0.1925
2003/04,Honduras,0.19
2003/04,Hong Kong,0.0001
2003/04,Iceland,0.0028
2003/04,Indonesia,0.1166
2003/04,Iraq,0.1348
2003/04,Israel,0.5808
2003/04,Italy,0.878
2003/04,Ivory Coast,0.024
2003/04,Jamaica,0.1687
2003/04,Japan,3.1108
2003/04,Jordan,0.236
2003/04,Kenya,0.0601
2003/04,Lebanon,0.1564
2003/04,Malaysia,0.0719
2003/04,Mali,0.0055
2003/04,Malta And Gozo,0.0061
2003/04,Mauritania,0.0118
2003/04,Mexico,2.8677
2003/04,Mongolia,0.0245
2003/04,Morocco,0.4305
2003/04,Mozambique,0.2161
2003/04,Namibia,0.0324
2003/04,Netherlands,0.0804
2003/04,Netherlands Antilles,0.0022
2003/04,"New Zealand, No Islands (=Old Code 6140)",0.0001
2003/04,Nicaragua,0.1202
2003/04,Nigeria,2.2001
2003/04,Norway,0.0
2003/04,Pakistan,0.014
2003/04,Panama,0.096
2003/04,Peru,0.9046
2003/04,Philippines,1.1089
2003/04,Portugal,0.1138
2003/04,Republic Of South Africa,0.4641
2003/04,Romania,0.5333
2003/04,Rwanda,0.0007
2003/04,Saudi Arabia,0.0033
2003/04,Senegal,0.0243
2003/04,Sierra Leone,0.0188
2003/04,Singapore,0.0494
2003/04,South Korea,1.4611
2003/04,Spain,0.3431
2003/04,Sri Lanka,0.015
2003/04,St. Vincent And The Grenadines,0.0309
2003/04,Sudan,0.0648
2003/04,Suriname,0.006
2003/04,Switzerland,0.0014
2003/04,Taiwan,1.0158
2003/04,Tajikistan,0.0024
2003/04,Thailand,0.4622
2003/04,Trinidad And Tobago,0.1204
2003/04,Tunisia,0.1607
2003/04,Turkey,0.055
2003/04,Uganda,0.0149
2003/04,Ukraine,0.0572
2003/04,Unidentified Country,0.4201
2003/04,United Kingdom,0.0375
2003/04,Uruguay,0.0263
2003/04,Venezuela,0.8322
2003/04,Vietnam,0.002
2003/04,"Yemen (Sana), Ends 9/1990 & United Begin",0.5588
2003/04,Zambia,0.007
2004/05,Afghanistan,0.0953
2004/05,Algeria,0.2544
2004/05,Angola,0.0641
2004/05,Azerbaijan,0.027
2004/05,Bahamas,0.0001
2004/05,Bangladesh,0.0763
2004/05,Barbados,0.0255
2004/05,Belgium,0.1429
2004/05,Belize,0.0245
2004/05,Bolivia,0.0492
2004/05,Brazil,0.062
2004/05,Cambodia,0.005
2004/05,Cameroon,0.0108
2004/05,Canada,0.0137
2004/05,Cape Verde Islands,0.0043
2004/05,Central African Republic,0.0013
2004/05,Chile,0.0099
2004/05,China,2.1228
2004/05,Colombia,0.7439
2004/05,Congo (Brazzaville),0.0164
2004/05,Congo (Kinshasa),0.0756
2004/05,Costa Rica,0.2036
2004/05,Cuba,0.379
2004/05,Cyprus,0.0158
2004/05,Djibouti,0.0715
2004/05,Dominican Republic,0.335
2004/05,Ecuador,0.1071
2004/05,Egypt,1.7812
2004/05,El Salvador,0.2181
2004/05,"Eritrea, Begins 7/1993",0.0841
2004/05,"Ethiopia, United Ends 6/1993 & New Begin",0.343
2004/05,France,0.0001
2004/05,French Polynesia,0.0001
2004/05,Georgia,0.0501
2004/05,"Germany, Fed. Republic; United, Begins 1",0.0003
2004/05,Ghana,0.0814
2004/05,Greece,0.0
2004/05,Grenada,0.014
2004/05,Guatemala,0.3007
2004/05,Guinea,0.0121
2004/05,Guyana,0.0441
2004/05,Haiti,0.1874
2004/05,Honduras,0.1919
2004/05,Hong Kong,0.0029
2004/05,Iceland,0.0001
2004/05,Indonesia,0.1473
2004/05,Iraq,0.3926
2004/05,Israel,0.527
2004/05,Italy,0.505
2004/05,Ivory Coast,0.0025
2004/05,Jamaica,0.1929
2004/05,Japan,3.0312
2004/05,Jordan,0.1841
2004/05,Kenya,0.0515
2004/05,Lebanon,0.009
2004/05,Libya,0.0346
2004/05,Madagascar (Malagasy),0.0161
2004/05,Malawi,0.0026
2004/05,Malaysia,0.1506
2004/05,Mali,0.006
2004/05,Malta And Gozo,0.0231
2004/05,Mauritania,0.014
2004/05,Mexico,2.8822
2004/05,Mongolia,0.05
2004/05,Morocco,0.028
2004/05,Mozambique,0.1156
2004/05,Namibia,0.0388
2004/05,Netherlands,0.0262
2004/05,"New Zealand, No Islands (=Old Code 6140)",0.0004
2004/05,Nicaragua,0.0914
2004/05,Nigeria,2.5759
2004/05,North Korea,0.025
2004/05,Norway,0.0069
2004/05,Pakistan,0.4186
2004/05,Panama,0.0974
2004/05,Peru,0.7062
2004/05,Philippines,1.7866
2004/05,Portugal,0.0315
2004/05,Republic Of South Africa,0.2218
2004/05,Saudi Arabia,0.0
2004/05,Senegal,0.0001
2004/05,Sierra Leone,0.0169
2004/05,Singapore,0.0334
2004/05,South Korea,1.3106
2004/05,Spain,0.2271
2004/05,St. Vincent And The Grenadines,0.0185
2004/05,Sudan,0.2201
2004/05,Suriname,0.0017
2004/05,Switzerland,0.0003
2004/05,Taiwan,0.9683
2004/05,Tajikistan,0.0019
2004/05,Thailand,0.4476
2004/05,Togo,0.015
2004/05,Trinidad And Tobago,0.1264
2004/05,Turkey,0.0177
2004/05,Uganda,0.0155
2004/05,Ukraine,0.0002
2004/05,Unidentified Country,0.9019
2004/05,United Arab Emirates,0.0198
2004/05,United Kingdom,0.0643
2004/05,Venezuela,0.7149
2004/05,Vietnam,0.0456
2004/05,"Yemen (Sana), Ends 9/1990 & United Begin",0.6825
2004/05,Zambia,0.0023
2005/06,Afghanistan,0.016
2005/06,Algeria,0.2728
2005/06,Antigua & Barbuda,0.0
2005/06,Bangladesh,0.0677
2005/06,Barbados,0.0239
2005/06,Belgium,0.0702
2005/06,Belize,0.0219
2005/06,Bolivia,0.013
2005/06,Brazil,0.0206
2005/06,Cameroon,0.0341
2005/06,Canada,0.0182
2005/06,Cape Verde Islands,0.004
2005/06,Chad,0.0072
2005/06,Chile,0.2463
2005/06,China,0.4068
2005/06,Colombia,0.6901
2005/06,Congo (Kinshasa),0.0495
2005/06,Costa Rica,0.2145
2005/06,Croatia,0.0064
2005/06,Cuba,0.2896
2005/06,Djibouti,0.1269
2005/06,Dominican Republic,0.3639
2005/06,Ecuador,0.12
2005/06,Egypt,1.1233
2005/06,El Salvador,0.1545
2005/06,"Eritrea, Begins 7/1993",0.023
2005/06,"Ethiopia, United Ends 6/1993 & New Begin",0.5095
2005/06,Finland,0.0032
2005/06,French Polynesia,0.0001
2005/06,"Germany, Fed. Republic; United, Begins 1",0.0001
2005/06,Ghana,0.0983
2005/06,Greece,0.002
2005/06,Grenada,0.0184
2005/06,Guatemala,0.4624
2005/06,Guyana,0.027
2005/06,Haiti,0.1292
2005/06,Honduras,0.1771
2005/06,Hong Kong,0.0071
2005/06,Indonesia,0.1654
2005/06,Iraq,2.2777
2005/06,Israel,0.2938
2005/06,Italy,0.5509
2005/06,Ivory Coast,0.005
2005/06,Jamaica,0.1844
2005/06,Japan,2.9086
2005/06,Kenya,0.0529
2005/06,Lebanon,0.012
2005/06,Madagascar (Malagasy),0.0138
2005/06,Malaysia,0.0757
2005/06,Malta And Gozo,0.0271
2005/06,Mauritania,0.03
2005/06,Mexico,2.6568
2005/06,Mongolia,0.025
2005/06,Morocco,0.0815
2005/06,Mozambique,0.0804
2005/06,Namibia,0.0328
2005/06,Nicaragua,0.1239
2005/06,Niger,0.0025
2005/06,Nigeria,3.1103
2005/06,North Korea,0.0168
2005/06,Oman,0.0069
2005/06,Pakistan,0.1102
2005/06,Panama,0.1198
2005/06,Peru,0.4473
2005/06,Philippines,1.6501
2005/06,Portugal,0.0792
2005/06,Republic Of South Africa,0.2101
2005/06,Rwanda,0.0011
2005/06,Senegal,0.0045
2005/06,Sierra Leone,0.0153
2005/06,Singapore,0.0486
2005/06,South Korea,1.0973
2005/06,Spain,0.2344
2005/06,Sri Lanka,0.0445
2005/06,St. Vincent And The Grenadines,0.0172
2005/06,Sudan,0.204
2005/06,Suriname,0.0025
2005/06,Switzerland,0.0001
2005/06,Taiwan,0.9059
2005/06,Thailand,0.4915
2005/06,Trinidad And Tobago,0.1419
2005/06,Tunisia,0.0484
2005/06,Turkey,0.0477
2005/06,Uganda,0.0437
2005/06,Ukraine,0.0005
2005/06,Unidentified Country,0.5278
2005/06,United Arab Emirates,0.0077
2005/06,United Kingdom,0.0715
2005/06,Venezuela,1.0788
2005/06,Vietnam,0.0146
2005/06,"Yemen (Sana), Ends 9/1990 & United Begin",0.502
2005/06,Zambia,0.0075
2006/07,Afghanistan,0.0691
2006/07,Algeria,0.1381
2006/07,Argentina,0.0
2006/07,Bangladesh,0.056
2006/07,Barbados,0.0232
2006/07,Belgium,0.0562
2006/07,Belize,0.0234
2006/07,Brazil,0.0254
2006/07,Cambodia,0.0005
2006/07,Canada,0.0245
2006/07,Cayman Islands,0.0
2006/07,Chad,0.0203
2006/07,Chile,0.2603
2006/07,China,0.0617
2006/07,Colombia,0.5659
2006/07,Congo (Kinshasa),0.02
2006/07,Costa Rica,0.2348
2006/07,Cuba,0.187
2006/07,Djibouti,0.0933
2006/07,Dominican Republic,0.3723
2006/07,Ecuador,0.0491
2006/07,Egypt,1.9821
2006/07,El Salvador,0.0604
2006/07,"Ethiopia, United Ends 6/1993 & New Begin",0.2661
2006/07,Finland,0.0002
2006/07,Georgia,0.0283
2006/07,"Germany, Fed. Republic; United, Begins 1",0.0001
2006/07,Ghana,0.0554
2006/07,Grenada,0.0191
2006/07,Guatemala,0.6402
2006/07,Guyana,0.0011
2006/07,Haiti,0.1087
2006/07,Honduras,0.2186
2006/07,Hong Kong,0.0063
2006/07,Indonesia,0.7652
2006/07,Iraq,0.8983
2006/07,Israel,0.1519
2006/07,Italy,0.4375
2006/07,Jamaica,0.1774
2006/07,Japan,3.3173
2006/07,Jordan,0.0931
2006/07,Kenya,0.0836
2006/07,Lebanon,0.025
2006/07,Madagascar (Malagasy),0.019
2006/07,Malawi,0.01
2006/07,Malaysia,0.1499
2006/07,Mali,0.0176
2006/07,Malta And Gozo,0.0229
2006/07,Mauritania,0.0051
2006/07,Mexico,2.2622
2006/07,Mongolia,0.025
2006/07,Morocco,0.4322
2006/07,Mozambique,0.0776
2006/07,Namibia,0.0253
2006/07,Netherlands Antilles,0.0001
2006/07,"New Zealand, No Islands (=Old Code 6140)",0.0216
2006/07,Nicaragua,0.1141
2006/07,Nigeria,2.4674
2006/07,Pakistan,0.0546
2006/07,Panama,0.1256
2006/07,Peru,0.1389
2006/07,Philippines,1.648
2006/07,Portugal,0.009
2006/07,Republic Of South Africa,0.0952
2006/07,Sierra Leone,0.003
2006/07,Singapore,0.0636
2006/07,Somalia,0.002
2006/07,South Korea,1.1958
2006/07,Spain,0.0856
2006/07,Sri Lanka,0.0575
2006/07,St. Vincent And The Grenadines,0.0244
2006/07,Suriname,0.0056
2006/07,Sweden,0.0052
2006/07,Taiwan,1.0063
2006/07,Thailand,0.508
2006/07,Trinidad And Tobago,0.1414
2006/07,Tunisia,0.0196
2006/07,Turkey,0.0
2006/07,Uganda,0.0233
2006/07,Unidentified Country,0.2919
2006/07,United Arab Emirates,0.0111
2006/07,United Kingdom,0.0176
2006/07,Venezuela,0.7289
2006/07,Vietnam,0.0786
2006/07,"Yemen (Sana), Ends 9/1990 & United Begin",0.711
2006/07,Zambia,0.0045
2006/07,Zimbabwe,0.007
2007/08,Afghanistan,0.0763
2007/08,Albania,0.0
2007/08,Algeria,0.9548
2007/08,"Australia (No Islands), (=Old Code 6020)",0.0096
2007/08,Bangladesh,0.3603
2007/08,Barbados,0.0259
2007/08,Belgium,0.1962
2007/08,Belize,0.0191
2007/08,Brazil,0.5329
2007/08,Canada,0.0273
2007/08,Chile,0.4098
2007/08,China,0.0157
2007/08,Colombia,0.9492
2007/08,Congo (Brazzaville),0.0175
2007/08,Congo (Kinshasa),0.1005
2007/08,Costa Rica,0.1903
2007/08,Cuba,0.4222
2007/08,Dominican Republic,0.3416
2007/08,Ecuador,0.1393
2007/08,Egypt,2.9075
2007/08,El Salvador,0.1971
2007/08,"Ethiopia, United Ends 6/1993 & New Begin",0.2613
2007/08,Finland,0.0003
2007/08,France,0.0131
2007/08,"Germany, Fed. Republic; United, Begins 1",0.0001
2007/08,Ghana,0.0205
2007/08,Grenada,0.0184
2007/08,Guatemala,0.4467
2007/08,Guinea,0.0109
2007/08,Haiti,0.1804
2007/08,Honduras,0.202
2007/08,Hong Kong,0.006
2007/08,Iceland,0.0007
2007/08,Indonesia,1.0591
2007/08,Iraq,1.9123
2007/08,Ireland,0.0224
2007/08,Israel,0.2284
2007/08,Italy,0.5447
2007/08,Ivory Coast,0.006
2007/08,Jamaica,0.1896
2007/08,Japan,3.5522
2007/08,Jordan,0.0001
2007/08,Kenya,0.0246
2007/08,Liberia,0.0017
2007/08,Madagascar (Malagasy),0.0192
2007/08,Malawi,0.0333
2007/08,Malaysia,0.0796
2007/08,Mali,0.008
2007/08,Malta And Gozo,0.0203
2007/08,Mauritania,0.0213
2007/08,Mauritius,0.0261
2007/08,Mexico,2.5752
2007/08,Monaco,0.0165
2007/08,Morocco,0.8474
2007/08,Mozambique,0.0588
2007/08,Namibia,0.0147
2007/08,Netherlands,0.0562
2007/08,Nicaragua,0.1004
2007/08,Nigeria,2.5035
2007/08,North Korea,0.0071
2007/08,Pakistan,0.1528
2007/08,Panama,0.1156
2007/08,Peru,0.5993
2007/08,Philippines,1.5253
2007/08,Portugal,0.1721
2007/08,Republic Of South Africa,0.5957
2007/08,Senegal,0.0225
2007/08,Sierra Leone,0.0097
2007/08,Singapore,0.0816
2007/08,South Korea,1.4992
2007/08,Spain,0.6244
2007/08,Sri Lanka,0.1228
2007/08,St. Vincent And The Grenadines,0.0197
2007/08,Suriname,0.0012
2007/08,Sweden,0.0056
2007/08,Taiwan,1.1011
2007/08,Tanzania,0.043
2007/08,Thailand,0.4127
2007/08,Trinidad And Tobago,0.1137
2007/08,Tunisia,0.1571
2007/08,Turkey,0.0457
2007/08,Uganda,0.0399
2007/08,Ukraine,0.0
2007/08,Unidentified Country,0.8193
2007/08,United Arab Emirates,0.1407
2007/08,United Kingdom,0.1184
2007/08,Venezuela,0.9562
2007/08,Vietnam,0.1041
2007/08,"Yemen (Sana), Ends 9/1990 & United Begin",1.0185
2008/09,Afghanistan,0.05
2008/09,Algeria,0.0569
2008/09,Austria,0.0
2008/09,Bahamas,0.0
2008/09,Bahrain,0.0157
2008/09,Bangladesh,0.1017
2008/09,Barbados,0.0159
2008/09,Belgium,0.0393
2008/09,Belize,0.0208
2008/09,Bolivia,0.0154
2008/09,Brazil,0.7534
2008/09,British Virgin Islands,0.0
2008/09,Burundi,0.0043
2008/09,Cameroon,0.0151
2008/09,Canada,0.0248
2008/09,Chile,0.4461
2008/09,China,0.1486
2008/09,Colombia,0.8055
2008/09,Congo (Brazzaville),0.0023
2008/09,Congo (Kinshasa),0.0302
2008/09,Costa Rica,0.2354
2008/09,Cuba,0.388
2008/09,Djibouti,0.0409
2008/09,Dominican Republic,0.3928
2008/09,Ecuador,0.1363
2008/09,Egypt,1.8645
2008/09,El Salvador,0.1884
2008/09,"Ethiopia, United Ends 6/1993 & New Begin",0.1078
2008/09,France,0.0001
2008/09,"Germany, Fed. Republic; United, Begins 1",0.0006
2008/09,Ghana,0.0037
2008/09,Greece,0.0001
2008/09,Grenada,0.0233
2008/09,Guatemala,0.4061
2008/09,Guyana,0.006
2008/09,Haiti,0.1526
2008/09,Honduras,0.1956
2008/09,Hong Kong,0.0053
2008/09,India,0.0
2008/09,Indonesia,0.739
2008/09,Iran,1.7635
2008/09,Iraq,1.1622
2008/09,Israel,0.4365
2008/09,Italy,0.3163
2008/09,Jamaica,0.1838
2008/09,Japan,3.1782
2008/09,Malawi,0.0193
2008/09,Malaysia,0.0485
2008/09,Mauritania,0.0057
2008/09,Mauritius,0.026
2008/09,Mexico,2.6172
2008/09,Mongolia,0.025
2008/09,Morocco,0.0196
2008/09,Mozambique,0.1327
2008/09,Netherlands,0.0005
2008/09,Netherlands Antilles,0.0001
2008/09,"New Zealand, No Islands (=Old Code 6140)",0.0001
2008/09,Nicaragua,0.0841
2008/09,Nigeria,2.6376
2008/09,North Korea,0.0373
2008/09,Pakistan,0.1247
2008/09,Panama,0.1012
2008/09,Peru,0.3417
2008/09,Philippines,1.4607
2008/09,Portugal,0.0578
2008/09,Republic Of South Africa,0.2846
2008/09,Sierra Leone,0.0107
2008/09,Singapore,0.054
2008/09,South Korea,1.1303
2008/09,Spain,0.2027
2008/09,Sri Lanka,0.1413
2008/09,St. Lucia,0.0
2008/09,St. Vincent And The Grenadines,0.0223
2008/09,Suriname,0.0057
2008/09,Taiwan,0.7157
2008/09,Tanzania,0.0158
2008/09,Thailand,0.5081
2008/09,Trinidad And Tobago,0.1387
2008/09,Tunisia,0.01
2008/09,Turkey,0.0198
2008/09,Uganda,0.0185
2008/09,Ukraine,0.0
2008/09,Unidentified Country,0.3111
2008/09,United Arab Emirates,0.0444
2008/09,United Kingdom,0.037
2008/09,Venezuela,0.5917
2008/09,Vietnam,0.0392
2008/09,"Yemen (Sana), Ends 9/1990 & United Begin",0.5126
2009/10,Afghanistan,0.0279
2009/10,Algeria,0.1965
2009/10,Barbados,0.0215
2009/10,Belgium,0.0228
2009/10,Belize,0.0193
2009/10,Brazil,0.2769
2009/10,Burundi,0.0072
2009/10,Canada,0.0654
2009/10,Chad,0.0025
2009/10,Chile,0.4348
2009/10,China,0.4389
2009/10,Colombia,0.623
2009/10,Congo (Brazzaville),0.0108
2009/10,Congo (Kinshasa),0.0159
2009/10,Costa Rica,0.2059
2009/10,Cuba,0.143
2009/10,Denmark,0.0
2009/10,Djibouti,0.2152
2009/10,Dominican Republic,0.4095
2009/10,Ecuador,0.1512
2009/10,Egypt,0.4236
2009/10,El Salvador,0.2315
2009/10,"Ethiopia, United Ends 6/1993 & New Begin",0.5245
2009/10,"Germany, Fed. Republic; United, Begins 1",0.0
2009/10,Grenada,0.0181
2009/10,Guatemala,0.4741
2009/10,Haiti,0.098
2009/10,Honduras,0.1941
2009/10,Hong Kong,0.0046
2009/10,India,0.0005
2009/10,Indonesia,0.539
2009/10,Iran,0.1132
2009/10,Iraq,0.3067
2009/10,Israel,0.1874
2009/10,Italy,0.3496
2009/10,Jamaica,0.1771
2009/10,Japan,3.171
2009/10,Kenya,0.0059
2009/10,Kuwait,0.001
2009/10,Liberia,0.0142
2009/10,Malawi,0.0325
2009/10,Malaysia,0.1451
2009/10,Malta And Gozo,0.0073
2009/10,Mauritania,0.0068
2009/10,Mexico,1.9997
2009/10,Morocco,0.4279
2009/10,Mozambique,0.1084
2009/10,Myanmar (Burma),0.0004
2009/10,Namibia,0.0075
2009/10,Netherlands,0.0224
2009/10,Nicaragua,0.1035
2009/10,Nigeria,3.233
2009/10,Norway,0.0
2009/10,Pakistan,0.0103
2009/10,Panama,0.1248
2009/10,Peru,0.5255
2009/10,Philippines,1.5731
2009/10,Portugal,0.0113
2009/10,Republic Of South Africa,0.0678
2009/10,Sierra Leone,0.0069
2009/10,Singapore,0.0649
2009/10,South Korea,1.1021
2009/10,Spain,0.0916
2009/10,Sri Lanka,0.0911
2009/10,St. Vincent And The Grenadines,0.0225
2009/10,Switzerland,0.0
2009/10,Taiwan,0.8378
2009/10,Thailand,0.4659
2009/10,Trinidad And Tobago,0.1228
2009/10,Tunisia,0.0345
2009/10,Turkey,0.038
2009/10,Uganda,0.0367
2009/10,Unidentified Country,0.3698
2009/10,United Arab Emirates,0.0408
2009/10,United Kingdom,0.0403
2009/10,Venezuela,0.6581
2009/10,Vietnam,0.0543
2009/10,"Yemen (Sana), Ends 9/1990 & United Begin",0.5271
2010/11,Afghanistan,0.0379
2010/11,Algeria,0.1301
2010/11,Argentina,0.0002
2010/11,"Australia (No Islands), (=Old Code 6020)",0.0005
2010/11,Bahamas,0.0
2010/11,Bangladesh,0.1341
2010/11,Barbados,0.0155
2010/11,Belgium,0.1232
2010/11,Belize,0.0205
2010/11,Brazil,0.3936
2010/11,Burundi,0.0184
2010/11,Cameroon,0.007
2010/11,Canada,0.0581
2010/11,Cayman Islands,0.0
2010/11,Chad,0.0041
2010/11,Chile,0.4004
2010/11,China,0.1456
2010/11,Colombia,0.7363
2010/11,Congo (Brazzaville),0.0537
2010/11,Congo (Kinshasa),0.0321
2010/11,Costa Rica,0.1767
2010/11,Cuba,0.0328
2010/11,Djibouti,0.0498
2010/11,Dominican Republic,0.5524
2010/11,Ecuador,0.1314
2010/11,Egypt,3.8046
2010/11,El Salvador,0.2308
2010/11,"Ethiopia, United Ends 6/1993 & New Begin",0.166
2010/11,"Germany, Fed. Republic; United, Begins 1",0.0408
2010/11,Ghana,0.008
2010/11,Grenada,0.0198
2010/11,Guadeloupe,0.0002
2010/11,Guatemala,0.4776
2010/11,Guinea,0.015
2010/11,Guyana,0.0001
2010/11,Honduras,0.192
2010/11,Hong Kong,0.0057
2010/11,Iceland,0.0
2010/11,Indonesia,0.7629
2010/11,Iraq,1.0832
2010/11,Israel,0.4776
2010/11,Italy,0.642
2010/11,Jamaica,0.1845
2010/11,Japan,3.3184
2010/11,Jordan,0.4084
2010/11,Kenya,0.07
2010/11,Lebanon,0.093
2010/11,Liberia,0.0081
2010/11,Libya,0.159
2010/11,Malawi,0.0375
2010/11,Malaysia,0.292
2010/11,Mali,0.005
2010/11,Martinique,0.0
2010/11,Mauritania,0.0066
2010/11,Mexico,2.7497
2010/11,Morocco,0.3357
2010/11,Mozambique,0.1457
2010/11,Myanmar (Burma),0.0213
2010/11,Namibia,0.0161
2010/11,Netherlands,0.0372
2010/11,Nicaragua,0.1621
2010/11,Nigeria,3.6082
2010/11,North Korea,0.0069
2010/11,Oman,0.1696
2010/11,Pakistan,0.0186
2010/11,Panama,0.108
2010/11,Peru,1.0257
2010/11,Philippines,1.8145
2010/11,Portugal,0.0855
2010/11,Republic Of South Africa,0.5219
2010/11,Saudi Arabia,0.5421
2010/11,Sierra Leone,0.0068
2010/11,Singapore,0.0729
2010/11,South Korea,1.6602
2010/11,Spain,0.2832
2010/11,Sri Lanka,0.1155
2010/11,St. Lucia,0.0
2010/11,St. Vincent And The Grenadines,0.0237
2010/11,Suriname,0.0032
2010/11,Syria,0.0851
2010/11,Taiwan,0.9161
2010/11,Tanzania,0.0901
2010/11,Thailand,0.4617
2010/11,Trinidad And Tobago,0.1248
2010/11,Tunisia,0.1144
2010/11,Turkey,0.8703
2010/11,Turks And Caicos Islands,0.0
2010/11,Uganda,0.0269
2010/11,Unidentified Country,0.899
2010/11,United Arab Emirates,0.0442
2010/11,United Kingdom,0.0563
2010/11,Venezuela,0.6554
2010/11,Vietnam,0.205
2010/11,"Yemen (Sana), Ends 9/1990 & United Begin",0.6629
2011/12,Afghanistan,0.014
2011/12,Algeria,0.153
2011/12,Armenia,0.0
2011/12,"Australia (No Islands), (=Old Code 6020)",0.0
2011/12,Bahamas,0.0001
2011/12,Bangladesh,0.1499
2011/12,Barbados,0.0177
2011/12,Belgium,0.0557
2011/12,Belize,0.0205
2011/12,Brazil,0.1422
2011/12,Burundi,0.0038
2011/12,Cambodia,0.001
2011/12,Canada,0.0776
2011/12,Chile,0.3834
2011/12,China,0.5415
2011/12,Colombia,0.4627
2011/12,Congo (Brazzaville),0.0052
2011/12,Congo (Kinshasa),0.0339
2011/12,Costa Rica,0.1487
2011/12,Djibouti,0.0628
2011/12,Dominica,0.0099
2011/12,Dominican Republic,0.5391
2011/12,Ecuador,0.1351
2011/12,Egypt,0.9155
2011/12,El Salvador,0.2427
2011/12,"Ethiopia, United Ends 6/1993 & New Begin",0.242
2011/12,"Germany, Fed. Republic; United, Begins 1",0.0198
2011/12,Ghana,0.0732
2011/12,Greece,0.0
2011/12,Grenada,0.0212
2011/12,Guatemala,0.4202
2011/12,Guyana,0.0001
2011/12,Haiti,0.0382
2011/12,Honduras,0.169
2011/12,Hong Kong,0.0032
2011/12,Indonesia,0.794
2011/12,Iran,0.2634
2011/12,Iraq,0.5717
2011/12,Israel,0.2081
2011/12,Italy,0.3515
2011/12,Jamaica,0.1851
2011/12,Japan,3.5274
2011/12,Jordan,0.1524
2011/12,Kenya,0.038
2011/12,Liberia,0.0246
2011/12,Madagascar (Malagasy),0.017
2011/12,Malawi,0.01
2011/12,Malaysia,0.2742
2011/12,Mexico,3.7952
2011/12,Mozambique,0.1925
2011/12,Myanmar (Burma),0.0109
2011/12,Namibia,0.0113
2011/12,Netherlands,0.0346
2011/12,Nicaragua,0.0761
2011/12,Nigeria,3.255
2011/12,Oman,0.044
2011/12,Pakistan,0.0115
2011/12,Panama,0.1565
2011/12,Peru,0.6358
2011/12,Philippines,2.0544
2011/12,Portugal,0.0133
2011/12,Republic Of South Africa,0.2037
2011/12,Saudi Arabia,0.1137
2011/12,Sierra Leone,0.016
2011/12,Singapore,0.0961
2011/12,Sint Marteen,0.0
2011/12,South Korea,2.1329
2011/12,Spain,0.639
2011/12,Sri Lanka,0.1225
2011/12,St. Kitts-Nevis,0.0
2011/12,St. Vincent And The Grenadines,0.0284
2011/12,Sudan,0.0001
2011/12,Suriname,0.0028
2011/12,Sweden,0.0013
2011/12,Taiwan,0.8928
2011/12,Tanzania,0.0983
2011/12,Thailand,0.5009
2011/12,Trinidad And Tobago,0.1172
2011/12,Tunisia,0.0328
2011/12,Turkey,0.0005
2011/12,Unidentified Country,0.0258
2011/12,United Arab Emirates,0.0297
2011/12,United Kingdom,0.0706
2011/12,Uruguay,0.0
2011/12,Venezuela,0.6422
2011/12,Vietnam,0.1001
2011/12,"Yemen (Sana), Ends 9/1990 & United Begin",0.3653
2012/13,Algeria,0.3642
2012/13,Bahamas,0.0
2012/13,Bangladesh,0.0546
2012/13,Barbados,0.0192
2012/13,Belgium,0.0606
2012/13,Belize,0.0236
2012/13,Brazil,0.5778
2012/13,Burundi,0.0043
2012/13,Cameroon,0.0161
2012/13,Canada,0.0713
2012/13,Chile,0.5085
2012/13,China,0.8834
2012/13,Colombia,0.6317
2012/13,Congo (Brazzaville),0.0275
2012/13,Congo (Kinshasa),0.0555
2012/13,Costa Rica,0.1389
2012/13,Djibouti,0.0886
2012/13,Dominican Republic,0.4867
2012/13,Ecuador,0.1561
2012/13,Egypt,1.7368
2012/13,El Salvador,0.2375
2012/13,"Ethiopia, United Ends 6/1993 & New Begin",0.1791
2012/13,"Germany, Fed. Republic; United, Begins 1",0.0109
2012/13,Ghana,0.0658
2012/13,Grenada,0.0182
2012/13,Guatemala,0.4546
2012/13,Guyana,0.0067
2012/13,Haiti,0.0637
2012/13,Honduras,0.2126
2012/13,Hong Kong,0.0001
2012/13,Indonesia,0.4882
2012/13,Iran,0.0598
2012/13,Iraq,0.2089
2012/13,Ireland,0.0339
2012/13,Israel,0.2417
2012/13,Italy,0.5327
2012/13,Ivory Coast,0.0044
2012/13,Jamaica,0.1926
2012/13,Japan,3.6449
2012/13,Jordan,0.05
2012/13,Kenya,0.0105
2012/13,Lebanon,0.0183
2012/13,Liberia,0.0096
2012/13,Libya,0.0077
2012/13,Malawi,0.0192
2012/13,Malaysia,0.1272
2012/13,Malta And Gozo,0.003
2012/13,Mauritania,0.0313
2012/13,Mexico,2.9042
2012/13,Morocco,0.088
2012/13,Mozambique,0.0556
2012/13,Myanmar (Burma),0.0151
2012/13,Namibia,0.0177
2012/13,Netherlands,0.0
2012/13,Nicaragua,0.0626
2012/13,Nigeria,3.0575
2012/13,Norway,0.0
2012/13,Pakistan,0.0193
2012/13,Panama,0.1337
2012/13,Peru,0.459
2012/13,Philippines,1.85
2012/13,Portugal,0.0829
2012/13,Republic Of South Africa,0.0406
2012/13,Saudi Arabia,0.2252
2012/13,Senegal,0.0066
2012/13,Sierra Leone,0.006
2012/13,Singapore,0.0702
2012/13,South Korea,1.3117
2012/13,Spain,0.1986
2012/13,Sri Lanka,0.066
2012/13,St. Vincent And The Grenadines,0.0323
2012/13,Sweden,0.0008
2012/13,Taiwan,1.0647
2012/13,Tanzania,0.03
2012/13,Thailand,0.5044
2012/13,The Gambia,0.0033
2012/13,Trinidad And Tobago,0.1222
2012/13,Tunisia,0.0095
2012/13,Turkey,0.3472
2012/13,Uganda,0.0051
2012/13,United Arab Emirates,0.0221
2012/13,United Kingdom,0.0522
2012/13,Venezuela,0.6316
2012/13,Vietnam,0.1094
2012/13,"Yemen (Sana), Ends 9/1990 & United Begin",0.4672
2013/14,Algeria,0.0906
2013/14,Bahamas,0.0
2013/14,Bangladesh,0.0838
2013/14,Barbados,0.0196
2013/14,Belgium,0.0198
2013/14,Belize,0.0157
2013/14,Bermuda,0.0
2013/14,Bolivia,0.0153
2013/14,Brazil,4.4282
2013/14,Cameroon,0.0253
2013/14,Canada,0.0516
2013/14,Chile,0.5181
2013/14,China,4.245
2013/14,Colombia,0.8387
2013/14,Congo (Kinshasa),0.0117
2013/14,Costa Rica,0.1425
2013/14,Dominica,0.0
2013/14,Dominican Republic,0.5163
2013/14,Ecuador,0.2231
2013/14,Egypt,0.419
2013/14,El Salvador,0.2657
2013/14,"Ethiopia, United Ends 6/1993 & New Begin",0.1373
2013/14,France,0.0
2013/14,Gabon,0.0015
2013/14,"Germany, Fed. Republic; United, Begins 1",0.0198
2013/14,Ghana,0.0576
2013/14,Greece,0.0
2013/14,Grenada,0.0167
2013/14,Guatemala,0.4944
2013/14,Guyana,0.0203
2013/14,Haiti,0.0869
2013/14,Honduras,0.2562
2013/14,Hong Kong,0.0037
2013/14,Indonesia,1.0397
2013/14,Iraq,0.0525
2013/14,Ireland,0.0135
2013/14,Israel,0.2144
2013/14,Italy,0.4989
2013/14,Ivory Coast,0.0061
2013/14,Jamaica,0.1807
2013/14,Japan,2.7722
2013/14,Lebanon,0.0073
2013/14,Liberia,0.0165
2013/14,Malawi,0.015
2013/14,Malaysia,0.2136
2013/14,Mexico,3.107
2013/14,Mozambique,0.005
2013/14,Myanmar (Burma),0.0138
2013/14,Namibia,0.0067
2013/14,"New Zealand, No Islands (=Old Code 6140)",0.0002
2013/14,Nicaragua,0.0648
2013/14,Nigeria,2.7303
2013/14,Norway,0.0
2013/14,Pakistan,0.0274
2013/14,Panama,0.12
2013/14,Peru,0.5901
2013/14,Philippines,1.9632
2013/14,Portugal,0.004
2013/14,Republic Of South Africa,0.1096
2013/14,"Russian Federation, Begins 2/1992",0.0
2013/14,Saudi Arabia,0.0002
2013/14,Senegal,0.003
2013/14,Singapore,0.0435
2013/14,South Korea,1.3364
2013/14,Spain,0.0496
2013/14,Sri Lanka,0.1707
2013/14,St. Vincent And The Grenadines,0.0329
2013/14,Taiwan,0.9828
2013/14,Tanzania,0.03
2013/14,Thailand,0.5705
2013/14,The Gambia,0.003
2013/14,Togo,0.003
2013/14,Trinidad And Tobago,0.1296
2013/14,Turkey,0.0146
2013/14,Ukraine,0.0
2013/14,Unidentified Country,0.0261
2013/14,United Arab Emirates,0.0233
2013/14,United Kingdom,0.0859
2013/14,Venezuela,0.6025
2013/14,Vietnam,0.1452
2013/14,"Yemen (Sana), Ends 9/1990 & United Begin",0.3959
2014/15,Afghanistan,0.03
2014/15,Algeria,0.1332
2014/15,Anguilla,0.0001
2014/15,Bangladesh,0.0026
2014/15,Barbados,0.0213
2014/15,Belgium,0.0105
2014/15,Belize,0.0169
2014/15,Bolivia,0.0054
2014/15,Brazil,1.5154
2014/15,British Virgin Islands,0.0
2014/15,Burkina Faso,0.0068
2014/15,Cameroon,0.0193
2014/15,Canada,0.0492
2014/15,Chile,0.2389
2014/15,China,0.3321
2014/15,Colombia,0.6124
2014/15,Congo (Brazzaville),0.0182
2014/15,Congo (Kinshasa),0.0086
2014/15,Costa Rica,0.1452
2014/15,Djibouti,0.0045
2014/15,Dominica,0.0
2014/15,Dominican Republic,0.4543
2014/15,Ecuador,0.2932
2014/15,Egypt,0.3841
2014/15,El Salvador,0.271
2014/15,"Ethiopia, United Ends 6/1993 & New Begin",0.1699
2014/15,"Germany, Fed. Republic; United, Begins 1",0.0001
2014/15,Ghana,0.0351
2014/15,Grenada,0.0146
2014/15,Guatemala,0.4978
2014/15,Guyana,0.0716
2014/15,Haiti,0.0756
2014/15,Honduras,0.2103
2014/15,Hong Kong,0.0048
2014/15,Indonesia,0.695
2014/15,Iraq,0.105
2014/15,Israel,0.0793
2014/15,Italy,0.58
2014/15,Jamaica,0.172
2014/15,Japan,3.0541
2014/15,Kenya,0.0376
2014/15,Liberia,0.0102
2014/15,Malaysia,0.231
2014/15,Mali,0.0076
2014/15,Martinique,0.0
2014/15,Mexico,2.8371
2014/15,Mongolia,0.0
2014/15,Morocco,0.0097
2014/15,Mozambique,0.005
2014/15,Myanmar (Burma),0.0122
2014/15,Namibia,0.0152
2014/15,"New Zealand, No Islands (=Old Code 6140)",0.0002
2014/15,Nicaragua,0.0442
2014/15,Nigeria,1.7898
2014/15,Norway,0.0
2014/15,Pakistan,0.0106
2014/15,Panama,0.1097
2014/15,Peru,0.4989
2014/15,Philippines,2.3749
2014/15,Republic Of South Africa,0.0438
2014/15,Saudi Arabia,0.069
2014/15,Senegal,0.0215
2014/15,Singapore,0.0825
2014/15,South Korea,1.1995
2014/15,Spain,0.0204
2014/15,Sri Lanka,0.1322
2014/15,St. Vincent And The Grenadines,0.0285
2014/15,Suriname,0.0001
2014/15,Taiwan,0.9839
2014/15,Tanzania,0.012
2014/15,Thailand,0.6482
2014/15,Trinidad And Tobago,0.1287
2014/15,Tunisia,0.0122
2014/15,United Arab Emirates,0.0311
2014/15,United Kingdom,0.0678
2014/15,Venezuela,0.4569
2014/15,Vietnam,0.2917
2014/15,"Yemen (Sana), Ends 9/1990 & United Begin",0.3567
2015/16,Algeria,0.0899
2015/16,Angola,0.0
2015/16,Anguilla,0.0
2015/16,Bangladesh,0.0871
2015/16,Barbados,0.0204
2015/16,Belgium,0.0104
2015/16,Belize,0.0179
2015/16,Bermuda,0.0
2015/16,Brazil,0.4819
2015/16,British Virgin Islands,0.0
2015/16,Canada,0.0504
2015/16,Chile,0.2665
2015/16,China,0.6106
2015/16,Colombia,0.7194
2015/16,Costa Rica,0.1734
2015/16,Dominican Republic,0.335
2015/16,Ecuador,0.3616
2015/16,Egypt,0.0418
2015/16,El Salvador,0.2416
2015/16,"Ethiopia, United Ends 6/1993 & New Begin",0.411
2015/16,"Germany, Fed. Republic; United, Begins 1",0.0
2015/16,Ghana,0.01
2015/16,Grenada,0.0192
2015/16,Guatemala,0.5243
2015/16,Guyana,0.0083
2015/16,Haiti,0.0844
2015/16,Honduras,0.2603
2015/16,Hong Kong,0.0046
2015/16,Indonesia,0.668
2015/16,Iraq,0.05
2015/16,Israel,0.1333
2015/16,Italy,0.7006
2015/16,Jamaica,0.1906
2015/16,Japan,2.5001
2015/16,Jordan,0.1425
2015/16,Liberia,0.0798
2015/16,Malaysia,0.1685
2015/16,Mali,0.0098
2015/16,Mauritania,0.0026
2015/16,Mexico,2.5129
2015/16,Morocco,0.0201
2015/16,Mozambique,0.0098
2015/16,Myanmar (Burma),0.0203
2015/16,Namibia,0.0227
2015/16,Nicaragua,0.0225
2015/16,Nigeria,1.4975
2015/16,Pakistan,0.007
2015/16,Panama,0.1152
2015/16,Peru,0.2704
2015/16,Philippines,2.1164
2015/16,Republic Of South Africa,0.0557
2015/16,Saudi Arabia,0.0
2015/16,Singapore,0.0415
2015/16,South Korea,1.0932
2015/16,Spain,0.0479
2015/16,Sri Lanka,0.0638
2015/16,St. Vincent And The Grenadines,0.0274
2015/16,Sweden,0.0
2015/16,Taiwan,1.1317
2015/16,Tanzania,0.012
2015/16,Thailand,0.6098
2015/16,Trinidad And Tobago,0.1197
2015/16,Tunisia,0.0493
2015/16,Ukraine,0.0
2015/16,United Arab Emirates,0.0282
2015/16,United Kingdom,0.0787
2015/16,Venezuela,0.2522
2015/16,Vietnam,0.2503
2015/16,"Yemen (Sana), Ends 9/1990 & United Begin",0.5626
2016/17,Algeria,0.7585
2016/17,Angola,0.0001
2016/17,Anguilla,0.0
2016/17,Antigua & Barbuda,0.0
2016/17,"Australia (No Islands), (=Old Code 6020)",0.0
2016/17,Bangladesh,0.1994
2016/17,Barbados,0.0176
2016/17,Belgium,0.0416
2016/17,Belize,0.014
2016/17,Bermuda,0.0
2016/17,Bolivia,0.0318
2016/17,Brazil,1.3132
2016/17,Burkina Faso,0.002
2016/17,Cameroon,0.0292
2016/17,Canada,0.0756
2016/17,Central African Republic,0.0
2016/17,Chile,0.4989
2016/17,China,1.6556
2016/17,Colombia,0.9001
2016/17,Congo (Kinshasa),0.0252
2016/17,Costa Rica,0.131
2016/17,Djibouti,0.041
2016/17,Dominican Republic,0.3977
2016/17,Ecuador,0.2633
2016/17,Egypt,0.1119
2016/17,El Salvador,0.2619
2016/17,"Ethiopia, United Ends 6/1993 & New Begin",0.3481
2016/17,Georgia,0.0
2016/17,"Germany, Fed. Republic; United, Begins 1",0.0
2016/17,Ghana,0.0452
2016/17,Greece,0.0
2016/17,Grenada,0.0173
2016/17,Guatemala,0.5292
2016/17,Guyana,0.0275
2016/17,Haiti,0.1062
2016/17,Honduras,0.2784
2016/17,Hong Kong,0.0056
2016/17,Indonesia,1.0923
2016/17,Israel,0.1193
2016/17,Italy,0.4305
2016/17,Ivory Coast,0.0107
2016/17,Jamaica,0.1704
2016/17,Japan,2.8667
2016/17,Jordan,0.0246
2016/17,Kenya,0.1305
2016/17,Liberia,0.0754
2016/17,Malaysia,0.2256
2016/17,Mexico,3.5788
2016/17,Morocco,0.9067
2016/17,Mozambique,0.0483
2016/17,Myanmar (Burma),0.0361
2016/17,Namibia,0.0112
2016/17,Nicaragua,0.0601
2016/17,Nigeria,1.4915
2016/17,Panama,0.1354
2016/17,Papua New Guinea,0.0006
2016/17,Peru,0.5803
2016/17,Philippines,2.6383
2016/17,Portugal,0.0365
2016/17,Republic Of South Africa,0.2137
2016/17,Saudi Arabia,0.1725
2016/17,Sierra Leone,0.0245
2016/17,Singapore,0.0675
2016/17,Sint Marteen,0.0
2016/17,South Korea,1.3298
2016/17,Spain,0.07
2016/17,Sri Lanka,0.1293
2016/17,St. Lucia,0.0035
2016/17,St. Vincent And The Grenadines,0.027
2016/17,Sudan,0.0514
2016/17,Suriname,0.0007
2016/17,Taiwan,1.0573
2016/17,Tanzania,0.0665
2016/17,Thailand,0.6635
2016/17,Togo,0.006
2016/17,Trinidad And Tobago,0.1274
2016/17,United Arab Emirates,0.0549
2016/17,United Kingdom,0.134
2016/17,Venezuela,0.4568
2016/17,Vietnam,0.182
2016/17,"Yemen (Sana), Ends 9/1990 & United Begin",0.313
2017/18,Algeria,0.6255
2017/18,Angola,0.0275
2017/18,Anguilla,0.0
2017/18,Argentina,0.0
2017/18,Aruba,0.0
2017/18,"Australia (No Islands), (=Old Code 6020)",0.0
2017/18,Bangladesh,0.2899
2017/18,Barbados,0.0198
2017/18,Belgium,0.0001
2017/18,Belize,0.0168
2017/18,Bermuda,0.0001
2017/18,Brazil,0.1532
2017/18,Canada,0.0549
2017/18,Chile,0.3306
2017/18,China,0.9391
2017/18,Colombia,0.6975
2017/18,Costa Rica,0.1461
2017/18,Dominican Republic,0.344
2017/18,Ecuador,0.267
2017/18,Egypt,0.1177
2017/18,El Salvador,0.2917
2017/18,"Ethiopia, United Ends 6/1993 & New Begin",0.3156
2017/18,"Germany, Fed. Republic; United, Begins 1",0.0
2017/18,Ghana,0.0626
2017/18,Greece,0.0001
2017/18,Grenada,0.0151
2017/18,Guatemala,0.5018
2017/18,Guyana,0.0309
2017/18,Haiti,0.1355
2017/18,Honduras,0.2515
2017/18,Hong Kong,0.0056
2017/18,India,0.0
2017/18,Indonesia,1.1357
2017/18,Iraq,0.6704
2017/18,Israel,0.074
2017/18,Italy,0.4115
2017/18,Jamaica,0.1955
2017/18,Japan,3.0334
2017/18,Jordan,0.1463
2017/18,Kenya,0.0835
2017/18,Kuwait,0.0002
2017/18,Liberia,0.0201
2017/18,Malaysia,0.2123
2017/18,Mexico,3.0046
2017/18,Morocco,0.388
2017/18,Mozambique,0.0072
2017/18,Myanmar (Burma),0.0305
2017/18,Namibia,0.0181
2017/18,Netherlands,0.0
2017/18,Nicaragua,0.0196
2017/18,Nigeria,1.2599
2017/18,Oman,0.0
2017/18,Panama,0.1402
2017/18,Peru,0.364
2017/18,Philippines,2.5042
2017/18,Qatar,0.0001
2017/18,Republic Of South Africa,0.1221
2017/18,Saudi Arabia,0.0001
2017/18,Senegal,0.015
2017/18,Singapore,0.0457
2017/18,Sint Marteen,0.0
2017/18,South Korea,1.4527
2017/18,Spain,0.0622
2017/18,Sri Lanka,0.0685
2017/18,St. Lucia,0.0043
2017/18,St. Vincent And The Grenadines,0.0221
2017/18,Taiwan,1.1102
2017/18,Tanzania,0.0029
2017/18,Thailand,0.6686
2017/18,Trinidad And Tobago,0.1209
2017/18,Ukraine,0.0
2017/18,United Arab Emirates,0.039
2017/18,United Kingdom,0.1401
2017/18,Venezuela,0.2975
2017/18,Vietnam,0.185
2017/18,"Yemen (Sana), Ends 9/1990 & United Begin",0.4095
2018/19,Algeria,0.2402
2018/19,Angola,0.0138
2018/19,Argentina,0.0
2018/19,"Australia (No Islands), (=Old Code 6020)",0.0001
2018/19,Bangladesh,0.3947
2018/19,Barbados,0.0179
2018/19,Belgium,0.0213
2018/19,Belize,0.0215
2018/19,Bermuda,0.0001
2018/19,Brazil,0.2746
2018/19,British Virgin Islands,0.0
2018/19,Burundi,0.0044
2018/19,Canada,0.0815
2018/19,Chile,0.2917
2018/19,China,0.042
2018/19,Colombia,0.3591
2018/19,Congo (Kinshasa),0.0512
2018/19,Costa Rica,0.0937
2018/19,Dominican Republic,0.2835
2018/19,Ecuador,0.306
2018/19,Egypt,0.826
2018/19,El Salvador,0.2591
2018/19,"Ethiopia, United Ends 6/1993 & New Begin",0.2517
2018/19,Ghana,0.0635
2018/19,Greece,0.0001
2018/19,Grenada,0.0109
2018/19,Guatemala,0.548
2018/19,Guyana,0.0244
2018/19,Haiti,0.1187
2018/19,Honduras,0.302
2018/19,Hong Kong,0.0045
2018/19,Indonesia,1.3648
2018/19,Iraq,0.7306
2018/19,Israel,0.1124
2018/19,Italy,0.5153
2018/19,Jamaica,0.1912
2018/19,Japan,2.714
2018/19,Kenya,0.1391
2018/19,Kuwait,0.0
2018/19,Liberia,0.0407
2018/19,Malawi,0.0261
2018/19,Malaysia,0.4334
2018/19,Mali,0.0055
2018/19,Mexico,2.9436
2018/19,Morocco,0.0
2018/19,Mozambique,0.1028
2018/19,Myanmar (Burma),0.0718
2018/19,Namibia,0.0041
2018/19,Nicaragua,0.0116
2018/19,Nigeria,1.5416
2018/19,Oman,0.0799
2018/19,Panama,0.144
2018/19,Papua New Guinea,0.0
2018/19,Peru,0.4142
2018/19,Philippines,2.9232
2018/19,Portugal,0.033
2018/19,Republic Of South Africa,0.1524
2018/19,"Russian Federation, Begins 2/1992",0.0004
2018/19,Rwanda,0.0142
2018/19,Saudi Arabia,0.0646
2018/19,Senegal,0.0022
2018/19,Singapore,0.0908
2018/19,Sint Marteen,0.0
2018/19,South Korea,1.4857
2018/19,Spain,0.0945
2018/19,Sri Lanka,0.1749
2018/19,St. Lucia,0.0033
2018/19,St. Vincent And The Grenadines,0.0262
2018/19,Sudan,0.0531
2018/19,Taiwan,1.1165
2018/19,Tanzania,0.1147
2018/19,Thailand,0.7088
2018/19,Trinidad And Tobago,0.1373
2018/19,Uganda,0.011
2018/19,United Arab Emirates,0.0338
2018/19,United Kingdom,0.115
2018/19,Venezuela,0.2508
2018/19,Vietnam,0.2518
2018/19,"Yemen (Sana), Ends 9/1990 & United Begin",0.6038
2019/20,Algeria,0.471
2019/20,Antigua & Barbuda,0.0
2019/20,Argentina,0.0
2019/20,Bangladesh,0.4497
2019/20,Barbados,0.0191
2019/20,Belgium,0.0407
2019/20,Belize,0.0131
2019/20,Bermuda,0.0001
2019/20,Brazil,0.5273
2019/20,British Virgin Islands,0.0
2019/20,Cambodia,0.0016
2019/20,Canada,0.2559
2019/20,Chile,0.3711
2019/20,China,0.5495
2019/20,Colombia,0.7908
2019/20,Congo (Brazzaville),0.0133
2019/20,Costa Rica,0.0873
2019/20,Dominican Republic,0.2671
2019/20,Ecuador,0.5433
2019/20,Egypt,0.1012
2019/20,El Salvador,0.2127
2019/20,"Ethiopia, United Ends 6/1993 & New Begin",0.2478
2019/20,Finland,0.0001
2019/20,Georgia,0.027
2019/20,Ghana,0.02
2019/20,Grenada,0.0077
2019/20,Guatemala,0.5999
2019/20,Guinea,0.032
2019/20,Guyana,0.0363
2019/20,Haiti,0.1468
2019/20,Honduras,0.2978
2019/20,Hong Kong,0.005
2019/20,Indonesia,1.0234
2019/20,Iraq,0.21
2019/20,Israel,0.0001
2019/20,Italy,0.9786
2019/20,Jamaica,0.1857
2019/20,Japan,2.5934
2019/20,Kuwait,0.0
2019/20,Liberia,0.0094
2019/20,Libya,0.0208
2019/20,Malaysia,0.3098
2019/20,Mexico,3.5906
2019/20,Morocco,0.0324
2019/20,Mozambique,0.0111
2019/20,Myanmar (Burma),0.112
2019/20,Namibia,0.0132
2019/20,Nicaragua,0.0153
2019/20,Nigeria,1.5359
2019/20,Oman,0.0348
2019/20,Panama,0.1465
2019/20,Peru,0.3149
2019/20,Philippines,3.1234
2019/20,Portugal,0.0063
2019/20,Republic Of South Africa,0.08
2019/20,Saudi Arabia,0.0301
2019/20,Singapore,0.0555
2019/20,Sint Marteen,0.0001
2019/20,South Korea,1.3563
2019/20,Spain,0.0045
2019/20,Sri Lanka,0.1363
2019/20,St. Lucia,0.0072
2019/20,St. Vincent And The Grenadines,0.0196
2019/20,Suriname,0.0
2019/20,Taiwan,1.2467
2019/20,Thailand,0.897
2019/20,Trinidad And Tobago,0.107
2019/20,Tunisia,0.0421
2019/20,United Arab Emirates,0.0389
2019/20,United Kingdom,0.0253
2019/20,Venezuela,0.1842
2019/20,Vietnam,0.4298
2019/20,"Yemen (Sana), Ends 9/1990 & United Begin",0.7553
2020/21,Algeria,0.145
2020/21,Antigua & Barbuda,0.0
2020/21,Argentina,0.0
2020/21,"Australia (No Islands), (=Old Code 6020)",0.0
2020/21,Bahamas,0.0
2020/21,Bangladesh,0.2349
2020/21,Barbados,0.018
2020/21,Belgium,0.0196
2020/21,Belize,0.0092
2020/21,Bermuda,0.0002
2020/21,Brazil,0.6226
2020/21,British Virgin Islands,0.0005
2020/21,Cambodia,0.0011
2020/21,Canada,0.1361
2020/21,Chile,0.3912
2020/21,China,3.4468
2020/21,Colombia,0.492
2020/21,Costa Rica,0.0505
2020/21,Djibouti,0.0753
2020/21,Dominican Republic,0.2844
2020/21,Ecuador,0.3357
2020/21,Egypt,0.0987
2020/21,El Salvador,0.1395
2020/21,"Ethiopia, United Ends 6/1993 & New Begin",0.3135
2020/21,Finland,0.0003
2020/21,Georgia,0.027
2020/21,Greece,0.0001
2020/21,Grenada,0.0115
2020/21,Guatemala,0.4178
2020/21,Guyana,0.0413
2020/21,Haiti,0.0998
2020/21,Honduras,0.2885
2020/21,Hong Kong,0.0026
2020/21,Indonesia,0.9261
2020/21,Iraq,0.0001
2020/21,Italy,0.6014
2020/21,Jamaica,0.186
2020/21,Japan,2.4261
2020/21,Kuwait,0.0003
2020/21,Liberia,0.0077
2020/21,Malaysia,0.3008
2020/21,Mexico,3.513
2020/21,Morocco,0.0
2020/21,Myanmar (Burma),0.0961
2020/21,Namibia,0.0088
2020/21,Netherlands,0.0001
2020/21,Nicaragua,0.0309
2020/21,Nigeria,1.414
2020/21,Panama,0.1513
2020/21,Peru,0.1686
2020/21,Philippines,3.1847
2020/21,Portugal,0.0576
2020/21,Qatar,0.0001
2020/21,Republic Of South Africa,0.0349
2020/21,Saudi Arabia,0.0002
2020/21,Singapore,0.0834
2020/21,Sint Marteen,0.0003
2020/21,South Korea,1.8592
2020/21,Spain,0.0314
2020/21,Sri Lanka,0.1293
2020/21,St. Lucia,0.0073
2020/21,St. Vincent And The Grenadines,0.0255
2020/21,Sudan,0.048
2020/21,Taiwan,1.1362
2020/21,Thailand,0.6444
2020/21,Trinidad And Tobago,0.1028
2020/21,Tunisia,0.0464
2020/21,United Arab Emirates,0.0152
2020/21,United Kingdom,0.0122
2020/21,Venezuela,0.2841
2020/21,Vietnam,0.5025
2020/21,"Yemen (Sana), Ends 9/1990 & United Begin",0.755
2021/22,Algeria,0.0768
2021/22,Antigua & Barbuda,0.0
2021/22,Argentina,0.0001
2021/22,Bahamas,0.0015
2021/22,Bangladesh,0.0006
2021/22,Barbados,0.0058
2021/22,Belgium,0.0095
2021/22,Belize,0.0134
2021/22,Benin,0.0001
2021/22,Bermuda,0.0001
2021/22,Brazil,0.1146
2021/22,British Virgin Islands,0.0002
2021/22,Cameroon,0.023
2021/22,Canada,0.1833
2021/22,Cayman Islands,0.0
2021/22,Chile,0.0854
2021/22,China,1.1398
2021/22,Colombia,0.6983
2021/22,Costa Rica,0.1024
2021/22,Djibouti,0.0475
2021/22,Dominican Republic,0.2862
2021/22,Ecuador,0.1451
2021/22,Egypt,0.1304
2021/22,El Salvador,0.372
2021/22,"Ethiopia, United Ends 6/1993 & New Begin",0.4629
2021/22,Ghana,0.029
2021/22,Greece,0.0001
2021/22,Grenada,0.0158
2021/22,Guadeloupe,0.0004
2021/22,Guatemala,0.3959
2021/22,Guyana,0.0258
2021/22,Haiti,0.1732
2021/22,Honduras,0.2958
2021/22,Hong Kong,0.0031
2021/22,Indonesia,0.1233
2021/22,Iraq,0.0002
2021/22,Israel,0.0005
2021/22,Italy,0.2634
2021/22,Ivory Coast,0.0037
2021/22,Jamaica,0.1657
2021/22,Japan,2.3438
2021/22,Jordan,0.0
2021/22,Kenya,0.0909
2021/22,Kuwait,0.0008
2021/22,Malaysia,0.1028
2021/22,Mexico,4.092
2021/22,Mozambique,0.0132
2021/22,Myanmar (Burma),0.0582
2021/22,Netherlands,0.0002
2021/22,Nicaragua,0.1485
2021/22,Nigeria,1.6654
2021/22,Norway,0.0
2021/22,Panama,0.1251
2021/22,Peru,0.3048
2021/22,Philippines,2.6327
2021/22,Qatar,0.0022
2021/22,Republic Of South Africa,0.0358
2021/22,Saudi Arabia,0.0025
2021/22,Singapore,0.0431
2021/22,Sint Marteen,0.0008
2021/22,South Korea,1.262
2021/22,St. Lucia,0.0034
2021/22,St. Vincent And The Grenadines,0.0228
2021/22,Sudan,0.205
2021/22,Taiwan,0.9225
2021/22,Thailand,0.5778
2021/22,Togo,0.0022
2021/22,Trinidad And Tobago,0.1051
2021/22,Uganda,0.0072
2021/22,United Arab Emirates,0.0489
2021/22,United Kingdom,0.0005
2021/22,Venezuela,0.3338
2021/22,Vietnam,0.1397
2021/22,"Yemen (Sana), Ends 9/1990 & United Begin",0.4611
2022/23,Algeria,0.1933
2022/23,Antigua & Barbuda,0.0
2022/23,Argentina,0.0
2022/23,"Australia (No Islands), (=Old Code 6020)",0.0003
2022/23,Austria,0.0001
2022/23,Bahamas,0.0024
2022/23,Bahrain,0.0006
2022/23,Bangladesh,0.0015
2022/23,Barbados,0.0024
2022/23,Belgium,0.0003
2022/23,Belize,0.0223
2022/23,Benin,0.0
2022/23,Bermuda,0.0005
2022/23,Brazil,0.2759
2022/23,British Virgin Islands,0.0006
2022/23,Cameroon,0.0266
2022/23,Canada,0.0644
2022/23,Chile,0.3136
2022/23,China,1.4742
2022/23,Colombia,0.5227
2022/23,Congo (Kinshasa),0.0024
2022/23,Costa Rica,0.0506
2022/23,Djibouti,0.0678
2022/23,Dominican Republic,0.3369
2022/23,Ecuador,0.3815
2022/23,Egypt,0.1807
2022/23,El Salvador,0.3056
2022/23,"Ethiopia, United Ends 6/1993 & New Begin",0.6771
2022/23,Ghana,0.0466
2022/23,Grenada,0.0307
2022/23,Guadeloupe,0.0011
2022/23,Guatemala,0.1002
2022/23,Guyana,0.0235
2022/23,Haiti,0.0542
2022/23,Honduras,0.3346
2022/23,Hong Kong,0.0034
2022/23,Indonesia,0.3494
2022/23,Iraq,0.3646
2022/23,Israel,0.0001
2022/23,Italy,0.347
2022/23,Jamaica,0.157
2022/23,Japan,2.0636
2022/23,Kenya,0.0504
2022/23,Kuwait,0.0019
2022/23,Malaysia,0.1081
2022/23,Mexico,3.6539
2022/23,Mongolia,0.0
2022/23,Morocco,0.0616
2022/23,Myanmar (Burma),0.0475
2022/23,Netherlands,0.0001
2022/23,Nicaragua,0.0788
2022/23,Nigeria,0.7898
2022/23,Oman,0.0
2022/23,Panama,0.1376
2022/23,Peru,0.1728
2022/23,Philippines,2.0411
2022/23,Portugal,0.022
2022/23,Qatar,0.0021
2022/23,Republic Of South Africa,0.0213
2022/23,Saudi Arabia,0.0032
2022/23,Singapore,0.0464
2022/23,Sint Marteen,0.001
2022/23,Somalia,0.0448
2022/23,South Korea,1.2064
2022/23,Spain,0.0191
2022/23,Sri Lanka,0.0198
2022/23,St. Lucia,0.0055
2022/23,St. Vincent And The Grenadines,0.0264
2022/23,Taiwan,0.7733
2022/23,Tanzania,0.0655
2022/23,Thailand,0.6452
2022/23,Trinidad And Tobago,0.1269
2022/23,Tunisia,0.0271
2022/23,Turkey,0.0526
2022/23,Turks And Caicos Islands,0.0
2022/23,Uganda,0.0068
2022/23,United Arab Emirates,0.034
2022/23,United Kingdom,0.009
2022/23,Venezuela,0.2348
2022/23,Vietnam,0.3536
2022/23,"Yemen (Sana), Ends 9/1990 & United Begin",0.5804
2023/24,Algeria,0.3092
2023/24,Argentina,0.0
2023/24,"Australia (No Islands), (=Old Code 6020)",0.0001
2023/24,Bahamas,0.0002
2023/24,Bahrain,0.0001
2023/24,Bangladesh,0.1499
2023/24,Barbados,0.0162
2023/24,Belgium,0.0224
2023/24,Belize,0.02
2023/24,Bermuda,0.0003
2023/24,Brazil,0.144
2023/24,Canada,0.0649
2023/24,Cayman Islands,0.0001
2023/24,Chile,0.3203
2023/24,China,2.1831
2023/24,Colombia,0.4898
2023/24,Congo (Kinshasa),0.0018
2023/24,Costa Rica,0.0732
2023/24,Cuba,0.0001
2023/24,Dominican Republic,0.3396
2023/24,Ecuador,0.1468
2023/24,Egypt,0.0924
2023/24,El Salvador,0.1457
2023/24,Greece,0.0002
2023/24,Grenada,0.0311
2023/24,Guadeloupe,0.0006
2023/24,Guatemala,0.0995
2023/24,Guyana,0.0224
2023/24,Haiti,0.1044
2023/24,Honduras,0.2573
2023/24,Hong Kong,0.0029
2023/24,Indonesia,0.4184
2023/24,Israel,0.0004
2023/24,Italy,0.3004
2023/24,Jamaica,0.1552
2023/24,Japan,1.9736
2023/24,Kuwait,0.0022
2023/24,Lebanon,0.0
2023/24,Malaysia,0.135
2023/24,Mauritania,0.0275
2023/24,Mexico,3.258
2023/24,Morocco,0.0288
2023/24,Mozambique,0.0229
2023/24,Myanmar (Burma),0.0497
2023/24,Nicaragua,0.098
2023/24,Nigeria,0.2453
2023/24,Oman,0.0
2023/24,Panama,0.1044
2023/24,Papua New Guinea,0.0085
2023/24,Peru,0.1863
2023/24,Philippines,2.7073
2023/24,Portugal,0.0
2023/24,Qatar,0.0005
2023/24,Republic Of South Africa,0.0111
2023/24,Saudi Arabia,0.0022
2023/24,Singapore,0.0707
2023/24,Sint Marteen,0.0011
2023/24,South Korea,1.2871
2023/24,Spain,0.0412
2023/24,St. Kitts-Nevis,0.0
2023/24,St. Lucia,0.0021
2023/24,St. Vincent And The Grenadines,0.0219
2023/24,Switzerland,0.0
2023/24,Taiwan,1.1056
2023/24,Tanzania,0.0486
2023/24,Thailand,0.4604
2023/24,Trinidad And Tobago,0.0414
2023/24,United Arab Emirates,0.0104
2023/24,United Kingdom,0.0108
2023/24,Venezuela,0.1514
2023/24,Vietnam,0.4196
2023/24,"Yemen (Sana), Ends 9/1990 & United Begin",0.2787
2024/25,Algeria,0.0869
2024/25,Antigua & Barbuda,0.0
2024/25,Argentina,0.0
2024/25,Bahamas,0.0001
2024/25,Bahrain,0.0001
2024/25,Bangladesh,0.0008
2024/25,Barbados,0.0178
2024/25,Belgium,0.0053
2024/25,Belize,0.0107
2024/25,Brazil,0.3176
2024/25,British Virgin Islands,0.0001
2024/25,Canada,0.0706
2024/25,Cayman Islands,0.0
2024/25,Chile,0.3362
2024/25,China,0.1602
2024/25,Colombia,0.7096
2024/25,Costa Rica,0.0838
2024/25,Cuba,0.0163
2024/25,Dominican Republic,0.5137
2024/25,Ecuador,0.5252
2024/25,Egypt,0.1723
2024/25,El Salvador,0.1519
2024/25,France,0.0
2024/25,Greece,0.0002
2024/25,Grenada,0.0181
2024/25,Guadeloupe,0.0022
2024/25,Guatemala,0.3397
2024/25,Guyana,0.0502
2024/25,Haiti,0.1792
2024/25,Honduras,0.3214
2024/25,Hong Kong,0.0026
2024/25,Iceland,0.0001
2024/25,Indonesia,0.819
2024/25,Israel,0.0
2024/25,Italy,0.5051
2024/25,Jamaica,0.1725
2024/25,Japan,2.1516
2024/25,Jordan,0.0
2024/25,Kenya,0.0559
2024/25,Kuwait,0.0022
2024/25,Malaysia,0.1374
2024/25,Malta And Gozo,0.0038
2024/25,Mauritania,0.0275
2024/25,Mexico,4.0377
2024/25,Morocco,0.03
2024/25,Mozambique,0.0331
2024/25,Myanmar (Burma),0.066
2024/25,Nicaragua,0.2522
2024/25,Nigeria,0.8154
2024/25,Oman,0.0004
2024/25,Panama,0.1415
2024/25,Papua New Guinea,0.008
2024/25,Peru,0.182
2024/25,Philippines,2.4485
2024/25,Portugal,0.0125
2024/25,Qatar,0.0001
2024/25,Republic Of South Africa,0.011
2024/25,Rwanda,0.02
2024/25,Saudi Arabia,0.0014
2024/25,Singapore,0.0379
2024/25,Sint Marteen,0.0008
2024/25,South Korea,2.4029
2024/25,South Sudan,0.0277
2024/25,Spain,0.0635
2024/25,Sri Lanka,0.032
2024/25,St. Kitts-Nevis,0.0
2024/25,St. Lucia,0.0072
2024/25,St. Vincent And The Grenadines,0.0224
2024/25,Suriname,0.0032
2024/25,Taiwan,1.0146
2024/25,Tanzania,0.0688
2024/25,Thailand,0.9371
2024/25,Trinidad And Tobago,0.1203
2024/25,Turks And Caicos Islands,0.0
2024/25,Uganda,0.0403
2024/25,United Arab Emirates,0.0154
2024/25,United Kingdom,0.0001
2024/25,Venezuela,0.3527
2024/25,Vietnam,0.6255
2024/25,"Yemen (Sana), Ends 9/1990 & United Begin",0.2347
2025/26,Algeria,0.1683
2025/26,Angola,0.03
2025/26,Anguilla,0.0
2025/26,Antigua & Barbuda,0.0
2025/26,Argentina,0.0
2025/26,Aruba,0.0
2025/26,Bahamas,0.0001
2025/26,Bahrain,0.0001
2025/26,Bangladesh,0.7451
2025/26,Barbados,0.003
2025/26,Belize,0.0295
2025/26,Brazil,0.0963
2025/26,Burkina Faso,0.003
2025/26,Burundi,0.003
2025/26,Canada,0.1724
2025/26,Cayman Islands,0.0001
2025/26,Chile,0.2339
2025/26,China,0.336
2025/26,Colombia,0.7385
2025/26,Costa Rica,0.066
2025/26,Dominican Republic,0.5389
2025/26,Ecuador,0.4309
2025/26,Egypt,0.0383
2025/26,El Salvador,0.1366
2025/26,"Ethiopia, United Ends 6/1993 & New Begin",0.0015
2025/26,"Germany, Fed. Republic; United, Begins 1",0.0004
2025/26,Grenada,0.027
2025/26,Guatemala,0.309
2025/26,Guinea,0.063
2025/26,Guyana,0.04
2025/26,Haiti,0.3263
2025/26,Honduras,0.3604
2025/26,Hong Kong,0.0037
2025/26,Iceland,0.0
2025/26,Indonesia,1.1004
2025/26,Israel,0.0
2025/26,Italy,0.4136
2025/26,Ivory Coast,0.0025
2025/26,Jamaica,0.1654
2025/26,Japan,2.1019
2025/26,Kenya,0.0759
2025/26,Kuwait,0.0009
2025/26,Lebanon,0.0001
2025/26,Malaysia,0.18
2025/26,Mali,0.002
2025/26,Mauritania,0.099
2025/26,Mexico,4.411
2025/26,Morocco,0.0621
2025/26,Mozambique,0.0172
2025/26,Myanmar (Burma),0.0649
2025/26,Nicaragua,0.2193
2025/26,Nigeria,1.6524
2025/26,Oman,0.0001
2025/26,Pakistan,0.0001
2025/26,Panama,0.1105
2025/26,Peru,0.2926
2025/26,Philippines,2.5444
2025/26,Qatar,0.0003
2025/26,Republic Of South Africa,0.1711
2025/26,Rwanda,0.014
2025/26,Saudi Arabia,0.0019
2025/26,Senegal,0.027
2025/26,Singapore,0.0558
2025/26,Sint Marteen,0.0
2025/26,South Korea,1.8763
2025/26,Sri Lanka,0.0966
2025/26,St. Lucia,0.0132
2025/26,St. Vincent And The Grenadines,0.0194
2025/26,Suriname,0.0214
2025/26,Taiwan,1.0435
2025/26,Tanzania,0.077
2025/26,Thailand,0.7863
2025/26,Togo,0.033
2025/26,Trinidad And Tobago,0.1044
2025/26,Uganda,0.0166
2025/26,United Arab Emirates,0.068
2025/26,United Kingdom,0.0098
2025/26,Venezuela,0.6605
2025/26,Vietnam,0.7406
2026/27,Argentina,0.0
2026/27,Aruba,0.0
2026/27,Bahamas,0.0
2026/27,Bangladesh,0.0583
2026/27,Barbados,0.0036
2026/27,Belize,0.0003
2026/27,Brazil,0.015
2026/27,Canada,0.026
2026/27,Cayman Islands,0.0
2026/27,Chile,0.052
2026/27,Colombia,0.0968
2026/27,Costa Rica,0.0076
2026/27,Dominican Republic,0.0923
2026/27,Ecuador,0.0352
2026/27,Egypt,0.0342
2026/27,El Salvador,0.0078
2026/27,"Ethiopia, United Ends 6/1993 & New Begin",0.0092
2026/27,Grenada,0.0014
2026/27,Guatemala,0.0398
2026/27,Guinea,0.0
2026/27,Guyana,0.0049
2026/27,Haiti,0.0431
2026/27,Honduras,0.0474
2026/27,Indonesia,0.0661
2026/27,Italy,0.0509
2026/27,Jamaica,0.042
2026/27,Japan,0.3588
2026/27,Kuwait,0.0
2026/27,Malaysia,0.0063
2026/27,Mexico,0.7172
2026/27,Myanmar (Burma),0.027
2026/27,Nicaragua,0.0395
2026/27,Nigeria,0.086
2026/27,Oman,0.0
2026/27,Pakistan,0.0004
2026/27,Panama,0.0264
2026/27,Peru,0.0266
2026/27,Philippines,0.3621
2026/27,Saudi Arabia,0.0005
2026/27,South Korea,0.3466
2026/27,St. Lucia,0.001
2026/27,St. Vincent And The Grenadines,0.0076
2026/27,Suriname,0.005
2026/27,Taiwan,0.1757
2026/27,Thailand,0.073
2026/27,Trinidad And Tobago,0.0201
2026/27,United Arab Emirates,0.0004
2026/27,Venezuela,0.064
2026/27,Vietnam,0.0433
